-- phpMyAdmin SQL Dump
-- version 5.0.4
-- https://www.phpmyadmin.net/
--
-- Host: 127.0.0.1
-- Generation Time: Sep 27, 2021 at 07:19 PM
-- Server version: 10.4.17-MariaDB
-- PHP Version: 8.0.1

SET SQL_MODE = "NO_AUTO_VALUE_ON_ZERO";
START TRANSACTION;
SET time_zone = "+00:00";


/*!40101 SET @OLD_CHARACTER_SET_CLIENT=@@CHARACTER_SET_CLIENT */;
/*!40101 SET @OLD_CHARACTER_SET_RESULTS=@@CHARACTER_SET_RESULTS */;
/*!40101 SET @OLD_COLLATION_CONNECTION=@@COLLATION_CONNECTION */;
/*!40101 SET NAMES utf8mb4 */;

--
-- Database: `hitech`
--

-- --------------------------------------------------------

--
-- Table structure for table `auth_groups`
--

CREATE TABLE `auth_groups` (
  `id` tinyint(3) UNSIGNED DEFAULT NULL,
  `name` varchar(5) DEFAULT NULL,
  `description` varchar(27) DEFAULT NULL
) ENGINE=InnoDB DEFAULT CHARSET=utf8mb4;

--
-- Dumping data for table `auth_groups`
--

INSERT INTO `auth_groups` (`id`, `name`, `description`) VALUES
(1, 'Admin', 'jehjkhw'),
(2, 'User', 'this role is for  user only');

-- --------------------------------------------------------

--
-- Table structure for table `auth_groups_permissions`
--

CREATE TABLE `auth_groups_permissions` (
  `group_id` tinyint(3) UNSIGNED DEFAULT NULL,
  `permission_id` tinyint(3) UNSIGNED DEFAULT NULL
) ENGINE=InnoDB DEFAULT CHARSET=utf8mb4;

--
-- Dumping data for table `auth_groups_permissions`
--

INSERT INTO `auth_groups_permissions` (`group_id`, `permission_id`) VALUES
(2, 1),
(2, 4);

-- --------------------------------------------------------

--
-- Table structure for table `auth_groups_users`
--

CREATE TABLE `auth_groups_users` (
  `group_id` tinyint(3) UNSIGNED DEFAULT NULL,
  `user_id` tinyint(3) UNSIGNED DEFAULT NULL
) ENGINE=InnoDB DEFAULT CHARSET=utf8mb4;

--
-- Dumping data for table `auth_groups_users`
--

INSERT INTO `auth_groups_users` (`group_id`, `user_id`) VALUES
(1, 2),
(2, 3);

-- --------------------------------------------------------

--
-- Table structure for table `auth_logins`
--

CREATE TABLE `auth_logins` (
  `id` tinyint(3) UNSIGNED DEFAULT NULL,
  `ip_address` varchar(3) DEFAULT NULL,
  `email` varchar(15) DEFAULT NULL,
  `user_id` varchar(1) DEFAULT NULL,
  `date` varchar(19) DEFAULT NULL,
  `success` tinyint(3) UNSIGNED DEFAULT NULL
) ENGINE=InnoDB DEFAULT CHARSET=utf8mb4;

--
-- Dumping data for table `auth_logins`
--

INSERT INTO `auth_logins` (`id`, `ip_address`, `email`, `user_id`, `date`, `success`) VALUES
(1, '::1', 'admin@admin.com', '2', '2021-07-18 13:11:14', 1),
(2, '::1', 'admin@admin.com', '2', '2021-07-18 13:51:46', 1),
(3, '::1', 'admin@admin.com', '', '2021-07-21 06:08:38', 0),
(4, '::1', 'admin@admin.com', '2', '2021-07-21 06:08:44', 1),
(5, '::1', 'admin@admin.com', '2', '2021-07-22 09:36:29', 1),
(6, '::1', 'admin@admin.com', '2', '2021-07-23 19:31:21', 1),
(7, '::1', 'admin@admin.com', '2', '2021-07-25 05:37:34', 1),
(8, '::1', 'admin@admin.com', '2', '2021-07-25 07:05:04', 1),
(9, '::1', 'admin@admin.com', '2', '2021-07-25 10:29:44', 1),
(10, '::1', 'admin@admin.com', '2', '2021-07-26 05:49:07', 1),
(11, '::1', 'admin@admin.com', '2', '2021-07-26 05:53:06', 1),
(12, '::1', 'admin@admin.com', '2', '2021-07-26 13:26:50', 1),
(13, '::1', 'admin@admin.com', '2', '2021-07-26 13:49:12', 1),
(14, '::1', 'admin@admin.com', '2', '2021-07-28 11:54:06', 1),
(15, '::1', 'admin@admin.com', '2', '2021-07-29 10:00:42', 1),
(16, '::1', 'user@gmail.com', '3', '2021-07-30 07:24:21', 1),
(17, '::1', 'user@gmail.com', '3', '2021-07-30 07:26:59', 1),
(18, '::1', 'iiouyoy', '', '2021-07-30 07:51:04', 0),
(19, '::1', 'iuyuoiy', '', '2021-07-30 07:52:02', 0),
(20, '::1', 'user@gmail.com', '3', '2021-07-30 07:52:08', 1),
(21, '::1', 'user@gmail.com', '3', '2021-07-30 07:52:31', 1),
(22, '::1', 'user@gmail.com', '3', '2021-07-30 07:53:23', 1),
(23, '::1', 'user@gmail.com', '3', '2021-07-30 08:00:15', 1),
(24, '::1', 'user@gmail.com', '3', '2021-07-30 08:00:53', 1),
(25, '::1', 'user@gmail.com', '3', '2021-07-30 08:15:59', 1),
(26, '::1', 'admin@admin.com', '2', '2021-07-30 11:40:21', 1),
(27, '::1', 'admin@admin.com', '2', '2021-07-30 11:50:05', 1),
(28, '::1', 'user@gmail.com', '3', '2021-07-30 11:50:42', 1),
(29, '::1', 'admin@admin.com', '2', '2021-07-30 11:50:54', 1),
(30, '::1', 'admin@admin.com', '2', '2021-07-30 11:51:05', 1),
(31, '::1', 'admin@admin.com', '2', '2021-07-30 11:51:36', 1),
(32, '::1', 'admin@admin.com', '2', '2021-07-31 08:07:21', 1),
(33, '::1', 'admin@admin.com', '2', '2021-07-31 21:55:46', 1),
(34, '::1', 'user@gmail.com', '3', '2021-07-31 22:45:10', 1),
(35, '::1', 'admin@admin.com', '2', '2021-08-01 04:08:37', 1),
(36, '::1', 'user@gmail.com', '3', '2021-08-01 04:08:46', 1),
(37, '::1', 'admin@admin.com', '2', '2021-08-05 08:54:56', 1),
(38, '::1', 'admin@admin.com', '2', '2021-08-05 11:25:32', 1),
(39, '::1', 'administrator', '', '2021-08-06 00:27:57', 0),
(40, '::1', 'user@gmail.com', '3', '2021-08-20 10:14:52', 1),
(41, '::1', 'user@gmail.com', '3', '2021-09-23 06:37:37', 1),
(42, '::1', 'user@gmail.com', '3', '2021-09-23 06:37:38', 1),
(43, '::1', 'user@gmail.com', '3', '2021-09-23 06:38:18', 1),
(44, '::1', 'user@gmail.com', '3', '2021-09-23 06:39:35', 1);

-- --------------------------------------------------------

--
-- Table structure for table `auth_permissions`
--

CREATE TABLE `auth_permissions` (
  `id` tinyint(3) UNSIGNED DEFAULT NULL,
  `name` varchar(15) DEFAULT NULL,
  `description` varchar(50) DEFAULT NULL
) ENGINE=InnoDB DEFAULT CHARSET=utf8mb4;

--
-- Dumping data for table `auth_permissions`
--

INSERT INTO `auth_permissions` (`id`, `name`, `description`) VALUES
(1, 'Create Forecast', ''),
(4, 'Edit Forecast', ''),
(5, 'Create User', '');

-- --------------------------------------------------------

--
-- Table structure for table `auth_reset_attempts`
--

CREATE TABLE `auth_reset_attempts` (
  `id` tinyint(3) UNSIGNED DEFAULT NULL,
  `email` varchar(15) DEFAULT NULL,
  `ip_address` varchar(3) DEFAULT NULL,
  `user_agent` varchar(115) DEFAULT NULL,
  `token` varchar(32) DEFAULT NULL,
  `created_at` varchar(19) DEFAULT NULL
) ENGINE=InnoDB DEFAULT CHARSET=utf8mb4;

--
-- Dumping data for table `auth_reset_attempts`
--

INSERT INTO `auth_reset_attempts` (`id`, `email`, `ip_address`, `user_agent`, `token`, `created_at`) VALUES
(1, 'admin@admin.com', '::1', 'Mozilla/5.0 (Windows NT 10.0; Win64; x64) AppleWebKit/537.36 (KHTML, like Gecko) Chrome/91.0.4472.164 Safari/537.36', '3a446587bdf8112c7e7a264151aa8dd9', '2021-07-21 06:06:58');

-- --------------------------------------------------------

--
-- Table structure for table `auth_tokens`
--

CREATE TABLE `auth_tokens` (
  `id` varchar(20) DEFAULT NULL,
  `selector` varchar(20) DEFAULT NULL,
  `hashedValidator` varchar(20) DEFAULT NULL,
  `user_id` varchar(20) DEFAULT NULL,
  `expires` varchar(20) DEFAULT NULL
) ENGINE=InnoDB DEFAULT CHARSET=utf8mb4;

-- --------------------------------------------------------

--
-- Table structure for table `auth_users_permissions`
--

CREATE TABLE `auth_users_permissions` (
  `user_id` varchar(20) DEFAULT NULL,
  `permission_id` varchar(20) DEFAULT NULL
) ENGINE=InnoDB DEFAULT CHARSET=utf8mb4;

-- --------------------------------------------------------

--
-- Table structure for table `forecast_dt`
--

CREATE TABLE `forecast_dt` (
  `location_id` int(11) NOT NULL,
  `ean_id` int(11) NOT NULL,
  `dt` date NOT NULL,
  `wkno` int(11) NOT NULL,
  `act_sales_qty` double DEFAULT NULL,
  `act_sales_val` double DEFAULT NULL,
  `forecast_qty` double DEFAULT NULL,
  `forecast_val` double DEFAULT NULL
) ENGINE=InnoDB DEFAULT CHARSET=utf8mb4;

--
-- Dumping data for table `forecast_dt`
--

INSERT INTO `forecast_dt` (`location_id`, `ean_id`, `dt`, `wkno`, `act_sales_qty`, `act_sales_val`, `forecast_qty`, `forecast_val`) VALUES
(1000, 149456, '2020-01-01', 1, 6, 105, NULL, 0),
(1000, 149456, '2020-01-02', 1, 4, 218, NULL, 0),
(1000, 149456, '2020-01-03', 1, 7, 654, NULL, 0),
(1000, 149456, '2020-01-04', 1, 12, 1100.68, NULL, 0),
(1000, 149456, '2020-01-05', 2, 13, 618.8, NULL, 0),
(1000, 149456, '2020-01-06', 2, 2, 106.29, NULL, 0),
(1000, 149456, '2020-01-07', 2, 1, 112, NULL, 0),
(1000, 149456, '2020-01-08', 2, 5, 686.06, NULL, 0),
(1000, 149456, '2020-01-10', 2, 5, 372.31, NULL, 0),
(1000, 149456, '2020-01-11', 2, 3, 175, NULL, 0),
(1000, 149456, '2020-01-12', 3, 3, 282.98, NULL, 0),
(1000, 149456, '2020-01-13', 3, 3, 312.31, NULL, 0),
(1000, 149456, '2020-01-14', 3, 2, 201.64, NULL, 0),
(1000, 149456, '2020-01-15', 3, 10, 1045.85, NULL, 0),
(1000, 149456, '2020-01-16', 3, 1, 80.39, NULL, 0),
(1000, 149456, '2020-01-17', 3, 2, 224.09, NULL, 0),
(1000, 149456, '2020-01-18', 3, 2, 112, NULL, 0),
(1000, 149456, '2020-01-20', 4, 12, 1052.27, NULL, 0),
(1000, 149456, '2020-01-21', 4, 5, 455.84, NULL, 0),
(1000, 149456, '2020-01-22', 4, 7, 692.97, NULL, 0),
(1000, 149456, '2020-01-23', 4, 44, 332.74, NULL, 0),
(1000, 149456, '2020-01-24', 4, 97, 0, NULL, 0),
(1000, 149456, '2020-01-25', 4, 2, 187.34, NULL, 0),
(1000, 149456, '2020-01-26', 5, 2, 79.16, NULL, 0),
(1000, 149456, '2020-01-27', 5, 3, 282.84, NULL, 0),
(1000, 149456, '2020-01-28', 5, 1, 131, NULL, 0),
(1000, 149456, '2020-01-29', 5, 4, 0, NULL, 0),
(1000, 149456, '2020-01-30', 5, 4, 391.67, NULL, 0),
(1000, 149456, '2020-01-31', 5, 5, 512.14, NULL, 0),
(1000, 149456, '2020-02-01', 5, 1, 105, NULL, 0),
(1000, 149456, '2020-02-02', 6, 2, 210, NULL, 0),
(1000, 149456, '2020-02-04', 6, 2, 222.8, NULL, 0),
(1000, 149456, '2020-02-06', 6, 1, 88, NULL, 0),
(1000, 149456, '2020-02-07', 6, 6, 123, NULL, 0),
(1000, 149456, '2020-02-08', 6, 11, 854.74, NULL, 0),
(1000, 149456, '2020-02-09', 7, 2, 0, NULL, 0),
(1000, 149456, '2020-02-10', 7, 4, 246, NULL, 0),
(1000, 149456, '2020-02-11', 7, 6, 460.45, NULL, 0),
(1000, 149456, '2020-02-12', 7, 3, 341.55, NULL, 0),
(1000, 149456, '2020-02-14', 7, 2, 239.63, NULL, 0),
(1000, 149456, '2020-02-16', 8, 1, 88, NULL, 0),
(1000, 149456, '2020-02-17', 8, 2, 236.57, NULL, 0),
(1000, 149456, '2020-02-18', 8, 1, 124, NULL, 0),
(1000, 149456, '2020-02-19', 8, 4, 197.15, NULL, 0),
(1000, 149456, '2020-02-20', 8, 1, 85.55, NULL, 0),
(1000, 149456, '2020-02-21', 8, 4, 327.86, NULL, 0),
(1000, 149456, '2020-02-22', 8, 1, 0, NULL, 0),
(1000, 149456, '2020-02-23', 9, 2, 79.42, NULL, 0),
(1000, 149456, '2020-02-24', 9, 3, 267.73, NULL, 0),
(1000, 149456, '2020-02-25', 9, 1, 113.06, NULL, 0),
(1000, 149456, '2020-02-26', 9, 5, 538.56, NULL, 0),
(1000, 149456, '2020-02-27', 9, 5, 440, NULL, 0),
(1000, 149456, '2020-02-29', 9, 2, 165.57, NULL, 0),
(1000, 149456, '2020-03-01', 10, 1, 88, NULL, 0),
(1000, 149456, '2020-03-02', 10, 1, 88, NULL, 0),
(1000, 149456, '2020-03-03', 10, 1, 84.43, NULL, 0),
(1000, 149456, '2020-03-04', 10, 2, 289, NULL, 0),
(1000, 149456, '2020-03-05', 10, 2, 232.39, NULL, 0),
(1000, 149456, '2020-03-06', 10, 1, 175, NULL, 0),
(1000, 149456, '2020-03-07', 10, 1, 108.31, NULL, 0),
(1000, 149456, '2020-03-08', 11, 3, 292.46, NULL, 0),
(1000, 149456, '2020-03-10', 11, 2, 167.72, NULL, 0),
(1000, 149456, '2020-03-13', 11, 15, 1274.37, NULL, 0),
(1000, 149456, '2020-03-14', 11, 1, 158.7, NULL, 0),
(1000, 149456, '2020-03-15', 12, 1, 0, NULL, 0),
(1000, 149456, '2020-03-16', 12, 3, 88, NULL, 0),
(1000, 149456, '2020-03-17', 12, 8, 767.09, NULL, 0),
(1000, 149456, '2020-03-18', 12, 4, 322.21, NULL, 0),
(1000, 149456, '2020-03-19', 12, 3, 0, NULL, 0),
(1000, 149456, '2020-03-20', 12, 2, 123, NULL, 0),
(1000, 149456, '2020-03-21', 12, 2, 175, NULL, 0),
(1000, 149456, '2020-03-22', 13, 4, 0, NULL, 0),
(1000, 149456, '2020-05-06', 19, 1, 129, NULL, 0),
(1000, 149456, '2020-05-09', 19, 1, 126, NULL, 0),
(1000, 149456, '2020-05-10', 20, 2, 252, NULL, 0),
(1000, 149456, '2020-05-11', 20, 3, 372.54, NULL, 0),
(1000, 149456, '2020-05-13', 20, 2, 248.45, NULL, 0),
(1000, 149456, '2020-05-14', 20, 4, 504, NULL, 0),
(1000, 149456, '2020-05-16', 20, 2, 252, NULL, 0),
(1000, 149456, '2020-05-17', 21, 7, 847.83, NULL, 0),
(1000, 149456, '2020-05-18', 21, 3, 356.44, NULL, 0),
(1000, 149456, '2020-05-19', 21, 1, 133, NULL, 0),
(1000, 149456, '2020-05-20', 21, 1, 136.74, NULL, 0),
(1000, 149456, '2020-05-27', 22, 2, 278, NULL, 0),
(1000, 149456, '2020-05-29', 22, 4, 535.05, NULL, 0),
(1000, 149456, '2020-05-30', 22, 5, 669.32, NULL, 0),
(1000, 149456, '2020-05-31', 23, 1, 139, NULL, 0),
(1000, 149456, '2020-06-04', 23, 1, 139, NULL, 0),
(1000, 149456, '2020-06-05', 23, 1, 115.6, NULL, 0),
(1000, 149456, '2020-06-10', 24, 1, 131, NULL, 0),
(1000, 149456, '2020-06-28', 27, 1, 129, NULL, 0),
(1000, 155856, '2020-01-03', 1, 1, 77, NULL, 0),
(1000, 155856, '2020-01-07', 2, 4, 305.9, NULL, 0),
(1000, 155856, '2020-01-08', 2, 1, 77, NULL, 0),
(1000, 155856, '2020-01-09', 2, 1, 69.7, NULL, 0),
(1000, 155856, '2020-01-10', 2, 1, 69.53, NULL, 0),
(1000, 155856, '2020-01-11', 2, 4, 280.47, NULL, 0),
(1000, 155856, '2020-01-12', 3, 1, 77, NULL, 0),
(1000, 155856, '2020-01-14', 3, 4, 300.43, NULL, 0),
(1000, 155856, '2020-01-15', 3, 1, 77, NULL, 0),
(1000, 155856, '2020-01-17', 3, 1, 77, NULL, 0),
(1000, 155856, '2020-01-20', 4, 2, 154, NULL, 0),
(1000, 155856, '2020-01-21', 4, 1, 71.48, NULL, 0),
(1000, 155856, '2020-01-22', 4, 3, 231, NULL, 0),
(1000, 155856, '2020-01-24', 4, 1, 80, NULL, 0),
(1000, 155856, '2020-01-26', 5, 2, 180, NULL, 0),
(1000, 155856, '2020-01-29', 5, 3, 174, NULL, 0),
(1000, 155856, '2020-01-30', 5, 3, 80.68, NULL, 0),
(1000, 155856, '2020-01-31', 5, 11, 749.76, NULL, 0),
(1000, 155856, '2020-02-01', 5, 2, 65, NULL, 0),
(1000, 155856, '2020-02-02', 6, 2, 142.38, NULL, 0),
(1000, 155856, '2020-02-03', 6, 2, 151.31, NULL, 0),
(1000, 155856, '2020-02-04', 6, 4, 292.19, NULL, 0),
(1000, 155856, '2020-02-06', 6, 2, 135.6, NULL, 0),
(1000, 155856, '2020-02-07', 6, 6, 455.25, NULL, 0),
(1000, 155856, '2020-02-08', 6, 8, 586.81, NULL, 0),
(1000, 155856, '2020-02-09', 7, 9, 322.16, NULL, 0),
(1000, 155856, '2020-02-10', 7, 2, 141.71, NULL, 0),
(1000, 155856, '2020-02-11', 7, 6, 482, NULL, 0),
(1000, 155856, '2020-02-12', 7, 2, 151.23, NULL, 0),
(1000, 155856, '2020-02-13', 7, 1, 76.67, NULL, 0),
(1000, 155856, '2020-02-15', 7, 1, 65, NULL, 0),
(1000, 155856, '2020-02-16', 8, 3, 179.75, NULL, 0),
(1000, 155856, '2020-02-17', 8, 3, 127.52, NULL, 0),
(1000, 155856, '2020-02-18', 8, 3, 192.52, NULL, 0),
(1000, 155856, '2020-02-19', 8, 1, 65, NULL, 0),
(1000, 155856, '2020-02-20', 8, 2, 116.74, NULL, 0),
(1000, 155856, '2020-02-21', 8, 1, 59.87, NULL, 0),
(1000, 155856, '2020-02-22', 8, 2, 86.74, NULL, 0),
(1000, 155856, '2020-02-24', 9, 3, 211.85, NULL, 0),
(1000, 155856, '2020-02-25', 9, 1, 59.94, NULL, 0),
(1000, 155856, '2020-02-26', 9, 3, 195.28, NULL, 0),
(1000, 155856, '2020-02-27', 9, 1, 56.72, NULL, 0),
(1000, 155856, '2020-02-28', 9, 2, 166.15, NULL, 0),
(1000, 155856, '2020-02-29', 9, 1, 59.33, NULL, 0),
(1000, 155856, '2020-03-01', 10, 3, 155, NULL, 0),
(1000, 155856, '2020-03-02', 10, 2, 171.3, NULL, 0),
(1000, 155856, '2020-03-05', 10, 1, 110, NULL, 0),
(1000, 155856, '2020-03-07', 10, 1, 63.97, NULL, 0),
(1000, 155856, '2020-03-08', 11, 1, 118.38, NULL, 0),
(1000, 155856, '2020-03-09', 11, 3, 128.11, NULL, 0),
(1000, 155856, '2020-03-12', 11, 1, 0, NULL, 0),
(1000, 155856, '2020-03-14', 11, 1, 59.88, NULL, 0),
(1000, 155856, '2020-03-16', 12, 2, 0, NULL, 0),
(1000, 155856, '2020-03-17', 12, 4, 258, NULL, 0),
(1000, 155856, '2020-03-19', 12, 1, 0, NULL, 0),
(1000, 155856, '2020-03-20', 12, 7, 84.37, NULL, 0),
(1000, 155856, '2020-03-21', 12, 4, 0, NULL, 0),
(1000, 155856, '2020-03-25', 13, 1, 80.97, NULL, 0),
(1000, 155856, '2020-05-13', 20, 4, 388, NULL, 0),
(1000, 155856, '2020-05-15', 20, 1, 98.56, NULL, 0),
(1000, 155856, '2020-05-18', 21, 1, 106, NULL, 0),
(1000, 155856, '2020-05-19', 21, 1, 97, NULL, 0),
(1000, 155856, '2020-05-21', 21, 1, 103, NULL, 0),
(1000, 155856, '2020-05-22', 21, 5, 545, NULL, 0),
(1000, 155856, '2020-05-23', 21, 1, 109, NULL, 0),
(1000, 155856, '2020-05-25', 22, 2, 218, NULL, 0),
(1000, 155856, '2020-05-26', 22, 3, 311.7, NULL, 0),
(1000, 155856, '2020-05-28', 22, 1, 109, NULL, 0),
(1000, 155856, '2020-05-29', 22, 2, 218, NULL, 0),
(1000, 155856, '2020-05-31', 23, 1, 109, NULL, 0),
(1000, 155856, '2020-06-01', 23, 1, 102.23, NULL, 0),
(1000, 155856, '2020-06-02', 23, 1, 104.37, NULL, 0),
(1000, 155856, '2020-06-03', 23, 2, 206, NULL, 0),
(1000, 155856, '2020-06-06', 23, 1, 109, NULL, 0),
(1000, 155856, '2020-06-08', 24, 1, 106, NULL, 0),
(1000, 155856, '2020-06-09', 24, 2, 202.78, NULL, 0),
(1000, 155856, '2020-06-10', 24, 3, 292.26, NULL, 0),
(1000, 155856, '2020-06-14', 25, 1, 99.23, NULL, 0),
(1000, 155856, '2020-06-16', 25, 3, 318, NULL, 0),
(1000, 155856, '2020-06-19', 25, 2, 212, NULL, 0),
(1000, 155856, '2020-06-22', 26, 1, 100.97, NULL, 0),
(1000, 155856, '2020-06-23', 26, 2, 233.47, NULL, 0),
(1000, 155856, '2020-06-29', 27, 1, 123, NULL, 0),
(1000, 155856, '2020-07-01', 27, 2, 235.32, NULL, 0),
(1000, 155856, '2020-07-12', 29, 2, 197, NULL, 0),
(1000, 155856, '2020-07-15', 29, 1, 91.64, NULL, 0),
(1000, 155856, '2020-07-16', 29, 1, 99, NULL, 0),
(1000, 155856, '2020-07-19', 30, 2, 182.71, NULL, 0),
(1000, 155856, '2020-07-20', 30, 1, 97, NULL, 0),
(1000, 155856, '2020-07-21', 30, 1, 97, NULL, 0),
(1000, 155856, '2020-07-22', 30, 1, 119, NULL, 0),
(1000, 155856, '2020-07-23', 30, 2, 194, NULL, 0),
(1000, 155856, '2020-07-24', 30, 1, 91.07, NULL, 0),
(1000, 155856, '2020-07-25', 30, 1, 97, NULL, 0),
(1000, 155856, '2020-07-27', 31, 3, 291, NULL, 0),
(1000, 155856, '2020-07-28', 31, 1, 97, NULL, 0),
(1000, 155856, '2020-07-29', 31, 2, 185.57, NULL, 0),
(1000, 155856, '2020-07-31', 31, 1, 90, NULL, 0),
(1000, 155856, '2020-08-02', 32, 2, 180, NULL, 0),
(1000, 155856, '2020-08-03', 32, 1, 90, NULL, 0),
(1000, 155856, '2020-08-05', 32, 4, 361.28, NULL, 0),
(1000, 155856, '2020-08-06', 32, 2, 183, NULL, 0),
(1000, 155856, '2020-08-07', 32, 7, 604.17, NULL, 0),
(1000, 155856, '2020-08-08', 32, 5, 409.64, NULL, 0),
(1000, 155856, '2020-08-09', 33, 3, 229.32, NULL, 0),
(1000, 155856, '2020-08-10', 33, 2, 213, NULL, 0),
(1000, 155856, '2020-08-11', 33, 4, 308.07, NULL, 0),
(1000, 155856, '2020-08-13', 33, 3, 225.9, NULL, 0),
(1000, 155856, '2020-08-14', 33, 2, 182.44, NULL, 0),
(1000, 155856, '2020-08-15', 33, 5, 355, NULL, 0),
(1000, 155856, '2020-08-17', 34, 4, 340.12, NULL, 0),
(1000, 155856, '2020-08-18', 34, 3, 241.4, NULL, 0),
(1000, 155856, '2020-08-20', 34, 1, 75.93, NULL, 0),
(1000, 155856, '2020-08-23', 35, 1, 64.5, NULL, 0),
(1000, 155856, '2020-08-25', 35, 2, 215, NULL, 0),
(1000, 155856, '2020-08-26', 35, 1, 103, NULL, 0),
(1000, 155856, '2020-08-28', 35, 1, 90, NULL, 0),
(1000, 155856, '2020-08-29', 35, 8, 539.34, NULL, 0),
(1000, 155856, '2020-08-30', 36, 3, 274.56, NULL, 0),
(1000, 155856, '2020-08-31', 36, 6, 393.97, NULL, 0),
(1000, 155856, '2020-09-01', 36, 2, 129, NULL, 0),
(1000, 155856, '2020-09-04', 36, 1, 64.5, NULL, 0),
(1000, 155856, '2020-09-05', 36, 1, 64.5, NULL, 0),
(1000, 155856, '2020-09-06', 37, 1, 82.93, NULL, 0),
(1000, 155856, '2020-09-07', 37, 2, 185.14, NULL, 0),
(1000, 155856, '2020-09-10', 37, 5, 322.5, NULL, 0),
(1000, 155856, '2020-09-14', 38, 1, 64.5, NULL, 0),
(1000, 155856, '2020-09-15', 38, 1, 81.57, NULL, 0),
(1000, 155856, '2020-09-16', 38, 1, 64.5, NULL, 0),
(1000, 155856, '2020-09-17', 38, 1, 95.63, NULL, 0),
(1000, 155856, '2020-09-18', 38, 2, 183, NULL, 0),
(1000, 155856, '2020-09-20', 39, 1, 61.3, NULL, 0),
(1000, 155856, '2020-09-24', 39, 5, 338.93, NULL, 0),
(1000, 155856, '2020-09-26', 39, 1, 77, NULL, 0),
(1000, 155856, '2020-09-28', 40, 1, 77, NULL, 0),
(1000, 155856, '2020-09-29', 40, 2, 154, NULL, 0),
(1000, 155856, '2020-09-30', 40, 2, 154, NULL, 0),
(1000, 155856, '2020-10-01', 40, 2, 194, NULL, 0),
(1000, 155856, '2020-10-03', 40, 1, 97, NULL, 0),
(1000, 155856, '2020-10-05', 41, 1, 97, NULL, 0),
(1000, 155856, '2020-10-06', 41, 2, 161.5, NULL, 0),
(1000, 155856, '2020-10-07', 41, 1, 97, NULL, 0),
(1000, 155856, '2020-10-08', 41, 1, 64.5, NULL, 0),
(1000, 155856, '2020-10-09', 41, 1, 69.14, NULL, 0),
(1000, 155856, '2020-10-11', 42, 1, 88.78, NULL, 0),
(1000, 155856, '2020-10-12', 42, 2, 137.48, NULL, 0),
(1000, 155856, '2020-10-13', 42, 2, 141.5, NULL, 0),
(1000, 155856, '2020-10-14', 42, 2, 154, NULL, 0),
(1000, 155856, '2020-10-15', 42, 3, 231, NULL, 0),
(1000, 155856, '2020-10-16', 42, 4, 302.16, NULL, 0),
(1000, 155856, '2020-10-18', 43, 3, 226.83, NULL, 0),
(1000, 155856, '2020-10-19', 43, 10, 745.25, NULL, 0),
(1000, 155856, '2020-10-21', 43, 5, 385, NULL, 0),
(1000, 155856, '2020-10-22', 43, 1, 77, NULL, 0),
(1000, 155856, '2020-10-23', 43, 3, 266, NULL, 0),
(1000, 155856, '2020-10-27', 44, 1, 97, NULL, 0),
(1000, 155856, '2020-10-28', 44, 2, 129, NULL, 0),
(1000, 155856, '2020-10-30', 44, 2, 159.83, NULL, 0),
(1000, 155856, '2020-10-31', 44, 1, 68.32, NULL, 0),
(1000, 155856, '2020-11-02', 45, 1, 84, NULL, 0),
(1000, 155856, '2020-11-04', 45, 1, 64.5, NULL, 0),
(1000, 155856, '2020-11-06', 45, 2, 149.98, NULL, 0),
(1000, 155856, '2020-11-07', 45, 1, 77, NULL, 0),
(1000, 155856, '2020-11-08', 46, 3, 219.37, NULL, 0),
(1000, 155856, '2020-11-14', 46, 1, 103, NULL, 0),
(1000, 155856, '2020-11-17', 47, 1, 103, NULL, 0),
(1000, 155856, '2020-11-20', 47, 1, 99, NULL, 0),
(1000, 155856, '2020-11-21', 47, 2, 198, NULL, 0),
(1000, 155856, '2020-11-22', 48, 2, 198, NULL, 0),
(1000, 155856, '2020-11-24', 48, 1, 99, NULL, 0),
(1000, 155856, '2020-11-29', 49, 1, 110, NULL, 0),
(1000, 155856, '2020-11-30', 49, 3, 330, NULL, 0),
(1000, 155856, '2020-12-01', 49, 1, 84, NULL, 0),
(1000, 155856, '2020-12-04', 49, 2, 180, NULL, 0),
(1000, 155856, '2020-12-05', 49, 1, 110, NULL, 0),
(1000, 155856, '2020-12-08', 50, 1, 103.61, NULL, 0),
(1000, 155856, '2020-12-11', 50, 2, 196.95, NULL, 0),
(1000, 155856, '2020-12-16', 51, 1, 120, 1, NULL),
(1000, 155856, '2020-12-19', 51, 1, 116.52, 1, NULL),
(1000, 155856, '2020-12-20', 52, 1, 117.08, 1, NULL),
(1000, 155856, '2020-12-24', 52, 1, 82.24, 1, NULL),
(1000, 155856, '2020-12-25', 52, 0, 0, 1, NULL),
(1000, 155856, '2020-12-26', 52, 0, 0, 1, NULL),
(1000, 155856, '2020-12-27', 53, 0, 0, 1, NULL),
(1000, 155856, '2020-12-28', 53, 0, 0, 3, NULL),
(1000, 155856, '2020-12-31', 53, 0, 0, 1, NULL),
(1000, 155856, '2021-01-05', 2, 0, 0, 4, NULL),
(1000, 155856, '2021-01-06', 2, 0, 0, 20, NULL),
(1000, 155856, '2021-01-07', 2, 0, 0, 62, NULL),
(1000, 155856, '2021-01-08', 2, 0, 0, 39, NULL),
(1000, 155856, '2021-01-11', 3, 0, 0, 107, NULL),
(1000, 155856, '2021-01-12', 3, 0, 0, 47, NULL),
(1000, 155856, '2021-01-13', 3, 0, 0, 2, NULL),
(1000, 155856, '2021-01-14', 3, 0, 0, 2, NULL),
(1000, 155856, '2021-01-17', 4, 0, 0, 3, NULL),
(1000, 155856, '2021-01-20', 4, 0, 0, 1, NULL),
(1000, 155856, '2021-01-23', 4, 0, 0, 3, NULL),
(1000, 155856, '2021-01-24', 5, 0, 0, 1, NULL),
(1000, 155856, '2021-01-25', 5, 0, 0, 2, NULL),
(1000, 155856, '2021-01-26', 5, 0, 0, 3, NULL),
(1000, 155856, '2021-01-27', 5, 0, 0, 1, NULL),
(1000, 155856, '2021-01-28', 5, 0, 0, 1, NULL),
(1000, 155856, '2021-01-29', 5, 0, 0, 2, NULL),
(1000, 155856, '2021-01-30', 5, 0, 0, 10, NULL),
(1000, 155856, '2021-02-06', 6, 0, 0, 2, NULL),
(1000, 155856, '2021-02-07', 7, 0, 0, 1, NULL),
(1000, 155856, '2021-02-08', 7, 0, 0, 3, NULL),
(1000, 155856, '2021-02-09', 7, 0, 0, 1, NULL),
(1000, 155856, '2021-02-10', 7, 0, 0, 6, NULL),
(1000, 155856, '2021-02-11', 7, 0, 0, 1, NULL),
(1000, 155856, '2021-02-12', 7, 0, 0, 1, NULL),
(1000, 155856, '2021-02-17', 8, 0, 0, 1, NULL),
(1000, 155856, '2021-02-23', 9, 0, 0, 1, NULL),
(1000, 155856, '2021-02-24', 9, 0, 0, 2, NULL),
(1000, 155856, '2021-02-25', 9, 0, 0, 3, NULL),
(1000, 155856, '2021-03-03', 10, 0, 0, 1, NULL),
(1000, 155856, '2021-03-04', 10, 0, 0, 2, NULL),
(1000, 155856, '2021-03-07', 11, 0, 0, 1, NULL),
(1000, 155856, '2021-03-08', 11, 0, 0, 2, NULL),
(1000, 155856, '2021-03-12', 11, 0, 0, 1, NULL),
(1000, 155856, '2021-03-14', 12, 0, 0, 1, NULL),
(1000, 155856, '2021-03-15', 12, 0, 0, 1, NULL),
(1000, 155856, '2021-03-18', 12, 0, 0, 3, NULL),
(1000, 155856, '2021-03-19', 12, 0, 0, 2, NULL),
(1000, 155856, '2021-03-20', 12, 0, 0, 2, NULL),
(1000, 155856, '2021-03-21', 13, 0, 0, 1, NULL);

-- --------------------------------------------------------

--
-- Table structure for table `forecast_wk`
--

CREATE TABLE `forecast_wk` (
  `location_id` int(11) NOT NULL,
  `ean_id` int(11) NOT NULL,
  `wkno` int(11) NOT NULL,
  `yr` int(11) NOT NULL,
  `act_sales_qty` double DEFAULT NULL,
  `act_sales_val` double DEFAULT NULL,
  `forecast_qty` double DEFAULT NULL,
  `forecast_val` double DEFAULT NULL
) ENGINE=InnoDB DEFAULT CHARSET=utf8mb4;

--
-- Dumping data for table `forecast_wk`
--

INSERT INTO `forecast_wk` (`location_id`, `ean_id`, `wkno`, `yr`, `act_sales_qty`, `act_sales_val`, `forecast_qty`, `forecast_val`) VALUES
(1000, 149456, 1, 2020, 29, 2077.68, NULL, NULL),
(1000, 149456, 2, 2020, 29, 2070.46, NULL, NULL),
(1000, 149456, 3, 2020, 23, 2259.26, NULL, NULL),
(1000, 149456, 4, 2020, 167, 2721.16, NULL, NULL),
(1000, 149456, 5, 2020, 20, 1501.81, NULL, NULL),
(1000, 149456, 6, 2020, 22, 1498.54, NULL, NULL),
(1000, 149456, 7, 2020, 17, 1287.63, NULL, NULL),
(1000, 149456, 8, 2020, 14, 1059.13, NULL, NULL),
(1000, 149456, 9, 2020, 18, 1604.34, NULL, NULL),
(1000, 149456, 10, 2020, 9, 1065.13, NULL, NULL),
(1000, 149456, 11, 2020, 21, 1893.25, NULL, NULL),
(1000, 149456, 12, 2020, 23, 1475.3, NULL, NULL),
(1000, 149456, 13, 2020, 4, 0, NULL, NULL),
(1000, 149456, 19, 2020, 2, 255, NULL, NULL),
(1000, 149456, 20, 2020, 13, 1628.99, NULL, NULL),
(1000, 149456, 21, 2020, 12, 1474.01, NULL, NULL),
(1000, 149456, 22, 2020, 11, 1482.37, NULL, NULL),
(1000, 149456, 23, 2020, 3, 393.6, NULL, NULL),
(1000, 149456, 24, 2020, 1, 131, NULL, NULL),
(1000, 149456, 27, 2020, 1, 129, NULL, NULL),
(1000, 155856, 1, 2020, 1, 77, NULL, NULL),
(1000, 155856, 2, 2020, 11, 802.6, NULL, NULL),
(1000, 155856, 2, 2021, 0, 0, 125, 8750),
(1000, 155856, 3, 2020, 7, 531.43, NULL, NULL),
(1000, 155856, 3, 2021, 0, 0, 158, 11060),
(1000, 155856, 4, 2020, 7, 536.48, NULL, NULL),
(1000, 155856, 4, 2021, 0, 0, 7, 490),
(1000, 155856, 5, 2020, 21, 1249.44, NULL, NULL),
(1000, 155856, 5, 2021, 0, 0, 20, 1400),
(1000, 155856, 6, 2020, 24, 1763.54, NULL, NULL),
(1000, 155856, 6, 2021, 0, 0, 2, 140),
(1000, 155856, 7, 2020, 21, 1238.77, NULL, NULL),
(1000, 155856, 7, 2021, 0, 0, 13, 910),
(1000, 155856, 8, 2020, 15, 828.14, NULL, NULL),
(1000, 155856, 8, 2021, 0, 0, 1, 70),
(1000, 155856, 9, 2020, 11, 749.27, NULL, NULL),
(1000, 155856, 9, 2021, 0, 0, 6, 420),
(1000, 155856, 10, 2020, 7, 500.27, NULL, NULL),
(1000, 155856, 10, 2021, 0, 0, 3, 210),
(1000, 155856, 11, 2020, 6, 306.37, NULL, NULL),
(1000, 155856, 11, 2021, 0, 0, 4, 280),
(1000, 155856, 12, 2020, 18, 342.37, NULL, NULL),
(1000, 155856, 12, 2021, 0, 0, 9, 630),
(1000, 155856, 13, 2020, 1, 80.97, NULL, NULL),
(1000, 155856, 13, 2021, 0, 0, 1, 70),
(1000, 155856, 20, 2020, 5, 486.56, NULL, NULL),
(1000, 155856, 21, 2020, 9, 960, NULL, NULL),
(1000, 155856, 22, 2020, 8, 856.7, NULL, NULL),
(1000, 155856, 23, 2020, 6, 630.6, NULL, NULL),
(1000, 155856, 24, 2020, 6, 601.04, NULL, NULL),
(1000, 155856, 25, 2020, 6, 629.23, NULL, NULL),
(1000, 155856, 26, 2020, 3, 334.44, NULL, NULL),
(1000, 155856, 27, 2020, 3, 358.32, NULL, NULL),
(1000, 155856, 29, 2020, 4, 387.64, NULL, NULL),
(1000, 155856, 30, 2020, 9, 877.78, NULL, NULL),
(1000, 155856, 31, 2020, 7, 663.57, NULL, NULL),
(1000, 155856, 32, 2020, 21, 1828.09, NULL, NULL),
(1000, 155856, 33, 2020, 19, 1513.73, NULL, NULL),
(1000, 155856, 34, 2020, 8, 657.45, NULL, NULL),
(1000, 155856, 35, 2020, 13, 1011.84, NULL, NULL),
(1000, 155856, 36, 2020, 13, 926.53, NULL, NULL),
(1000, 155856, 37, 2020, 8, 590.57, NULL, NULL),
(1000, 155856, 38, 2020, 6, 489.2, NULL, NULL),
(1000, 155856, 39, 2020, 7, 477.23, NULL, NULL),
(1000, 155856, 40, 2020, 8, 676, NULL, NULL),
(1000, 155856, 41, 2020, 6, 489.14, NULL, NULL),
(1000, 155856, 42, 2020, 14, 1054.92, NULL, NULL),
(1000, 155856, 43, 2020, 22, 1700.08, NULL, NULL),
(1000, 155856, 44, 2020, 6, 454.15, NULL, NULL),
(1000, 155856, 45, 2020, 5, 375.48, NULL, NULL),
(1000, 155856, 46, 2020, 4, 322.37, NULL, NULL),
(1000, 155856, 47, 2020, 4, 400, NULL, NULL),
(1000, 155856, 48, 2020, 3, 297, NULL, NULL),
(1000, 155856, 49, 2020, 8, 814, NULL, NULL),
(1000, 155856, 50, 2020, 3, 300.56, NULL, NULL),
(1000, 155856, 51, 2020, 2, 236.52, 2, 140),
(1000, 155856, 52, 2020, 2, 199.32, 4, 280),
(1000, 155856, 53, 2020, 0, 0, 5, 350),
(1000, 155871, 1, 2020, 4, 364.22, NULL, NULL),
(1000, 155871, 1, 2021, 0, 0, 2, 172),
(1000, 155871, 2, 2020, 12, 1072.31, NULL, NULL),
(1000, 155871, 2, 2021, 0, 0, 254, 21844),
(1000, 155871, 3, 2020, 24, 1910.83, NULL, NULL),
(1000, 155871, 3, 2021, 0, 0, 161, 13846),
(1000, 155871, 4, 2020, 18, 1451.61, NULL, NULL),
(1000, 155871, 4, 2021, 0, 0, 8, 688),
(1000, 155871, 5, 2020, 10, 729.54, NULL, NULL),
(1000, 155871, 5, 2021, 0, 0, 4, 344),
(1000, 155871, 6, 2020, 13, 1175.75, NULL, NULL),
(1000, 155871, 6, 2021, 0, 0, 3, 258),
(1000, 155871, 7, 2020, 19, 745.62, NULL, NULL),
(1000, 155871, 7, 2021, 0, 0, 24, 2064),
(1000, 155871, 8, 2020, 21, 501.83, NULL, NULL),
(1000, 155871, 8, 2021, 0, 0, 4, 344),
(1000, 155871, 9, 2020, 6, 453.87, NULL, NULL),
(1000, 155871, 9, 2021, 0, 0, 7, 602),
(1000, 155871, 10, 2020, 11, 1054.37, NULL, NULL),
(1000, 155871, 10, 2021, 0, 0, 10, 860),
(1000, 155871, 11, 2020, 8, 564.93, NULL, NULL),
(1000, 155871, 11, 2021, 0, 0, 7, 602),
(1000, 155871, 12, 2020, 10, 851.93, NULL, NULL),
(1000, 155871, 12, 2021, 0, 0, 14, 1204),
(1000, 155871, 13, 2020, 2, 298, NULL, NULL),
(1000, 155871, 13, 2021, 0, 0, 3, 258),
(1000, 155871, 19, 2020, 3, 332.24, NULL, NULL),
(1000, 155871, 20, 2020, 1, 112, NULL, NULL),
(1000, 155871, 21, 2020, 6, 710.65, NULL, NULL),
(1000, 155871, 22, 2020, 10, 1272.77, NULL, NULL),
(1000, 155871, 23, 2020, 7, 893.24, NULL, NULL),
(1000, 155871, 24, 2020, 4, 502.62, NULL, NULL),
(1000, 155871, 25, 2020, 4, 484.51, NULL, NULL),
(1000, 155871, 26, 2020, 3, 425, NULL, NULL),
(1000, 155871, 27, 2020, 3, 349.2, NULL, NULL),
(1000, 155871, 28, 2020, 2, 204.07, NULL, NULL),
(1000, 155871, 29, 2020, 19, 2004.17, NULL, NULL),
(1000, 155871, 30, 2020, 6, 669.55, NULL, NULL),
(1000, 155871, 31, 2020, 8, 855.81, NULL, NULL),
(1000, 155871, 32, 2020, 32, 3194.53, NULL, NULL),
(1000, 155871, 33, 2020, 15, 1422.39, NULL, NULL),
(1000, 155871, 34, 2020, 18, 1865.71, NULL, NULL),
(1000, 155871, 35, 2020, 16, 1632.07, NULL, NULL),
(1000, 155871, 36, 2020, 12, 950.74, NULL, NULL),
(1000, 155871, 37, 2020, 19, 1763.26, NULL, NULL),
(1000, 155871, 38, 2020, 7, 783.81, NULL, NULL),
(1000, 155871, 39, 2020, 25, 2114.78, NULL, NULL),
(1000, 155871, 40, 2020, 19, 1759.77, NULL, NULL),
(1000, 155871, 41, 2020, 16, 1528.4, NULL, NULL),
(1000, 155871, 42, 2020, 19, 1718.91, NULL, NULL),
(1000, 155871, 43, 2020, 18, 1600.79, NULL, NULL),
(1000, 155871, 44, 2020, 13, 1138.95, NULL, NULL),
(1000, 155871, 45, 2020, 21, 1939.99, NULL, NULL),
(1000, 155871, 46, 2020, 17, 1443.36, NULL, NULL),
(1000, 155871, 47, 2020, 8, 854.94, NULL, NULL),
(1000, 155871, 48, 2020, 9, 1010, NULL, NULL),
(1000, 155871, 49, 2020, 6, 612.51, NULL, NULL),
(1000, 155871, 50, 2020, 4, 462.82, NULL, NULL),
(1000, 155871, 51, 2020, 8, 849.99, 7, 602),
(1000, 155871, 52, 2020, 5, 476.54, 8, 688),
(1000, 155871, 53, 2020, 0, 0, 6, 516),
(1000, 156931, 1, 2020, 5, 1017.35, NULL, NULL),
(1000, 156931, 2, 2020, 17, 3516.37, NULL, NULL),
(1000, 156931, 3, 2020, 24, 4471.6, NULL, NULL),
(1000, 156931, 4, 2020, 29, 5408.5, NULL, NULL),
(1000, 156931, 5, 2020, 24, 4299.38, NULL, NULL),
(1000, 156931, 6, 2020, 21, 3830.09, NULL, NULL),
(1000, 156931, 7, 2020, 27, 5132.58, NULL, NULL),
(1000, 156931, 8, 2020, 20, 4582.5, NULL, NULL),
(1000, 156931, 9, 2020, 57, 9736.22, NULL, NULL),
(1000, 156931, 10, 2020, 37, 6409.23, NULL, NULL),
(1000, 156931, 11, 2020, 23, 4074.26, NULL, NULL),
(1000, 156931, 12, 2020, 39, 8410.33, NULL, NULL),
(1000, 156931, 13, 2020, 8, 1809.5, NULL, NULL),
(1000, 156931, 14, 2020, 7, 1613, NULL, NULL),
(1000, 156931, 15, 2020, 9, 1593.49, NULL, NULL),
(1000, 156931, 16, 2020, 10, 2056.04, NULL, NULL),
(1000, 156931, 17, 2020, 20, 4180.64, NULL, NULL),
(1000, 156931, 18, 2020, 27, 5686.2, NULL, NULL),
(1000, 156931, 19, 2020, 28, 5698.77, NULL, NULL),
(1000, 156931, 20, 2020, 40, 6214.8, NULL, NULL),
(1000, 156931, 21, 2020, 36, 8161.9, NULL, NULL),
(1000, 156931, 22, 2020, 4, 1026, NULL, NULL),
(1000, 156931, 25, 2020, 1, 220.72, NULL, NULL),
(1000, 156931, 29, 2020, 1, 245.15, NULL, NULL),
(1000, 156931, 30, 2020, 2, 458, NULL, NULL),
(1000, 156931, 32, 2020, 4, 848.58, NULL, NULL),
(1000, 156931, 33, 2020, 1, 234, NULL, NULL),
(1000, 156931, 35, 2020, 40, 0, NULL, NULL),
(1000, 156931, 36, 2020, 312, 0, NULL, NULL),
(1000, 156931, 40, 2020, 64, 0, NULL, NULL),
(1000, 156931, 42, 2020, 7, 0, NULL, NULL),
(1000, 156931, 43, 2020, 12, 179, NULL, NULL),
(1000, 156931, 48, 2020, 1, 194, NULL, NULL),
(1000, 165389, 2, 2020, 4, 319, NULL, NULL),
(1000, 165389, 3, 2020, 3, 399, NULL, NULL),
(1000, 165389, 3, 2021, 0, 0, 23, 2415),
(1000, 165389, 4, 2020, 2, 192.36, NULL, NULL),
(1000, 165389, 4, 2021, 0, 0, 8, 840),
(1000, 165389, 5, 2020, 2, 239, NULL, NULL),
(1000, 165389, 6, 2020, 4, 375.15, NULL, NULL),
(1000, 165389, 6, 2021, 0, 0, 2, 210),
(1000, 165389, 7, 2020, 5, 693.96, NULL, NULL),
(1000, 165389, 7, 2021, 0, 0, 17, 1785),
(1000, 165389, 8, 2020, 10, 1227.6, NULL, NULL),
(1000, 165389, 8, 2021, 0, 0, 2, 210),
(1000, 165389, 9, 2020, 2, 239.13, NULL, NULL),
(1000, 165389, 9, 2021, 0, 0, 1, 105),
(1000, 165389, 10, 2020, 1, 199, NULL, NULL),
(1000, 165389, 11, 2020, 2, 199, NULL, NULL),
(1000, 165389, 21, 2020, 282, 0, NULL, NULL),
(1000, 165389, 22, 2020, 273, 495, NULL, NULL),
(1000, 165389, 23, 2020, 138, 0, NULL, NULL),
(1000, 165389, 24, 2020, 1, 165, NULL, NULL),
(1000, 165389, 32, 2020, 16, 265.42, NULL, NULL),
(1000, 165389, 33, 2020, 32, 105.88, NULL, NULL),
(1000, 165389, 34, 2020, 112, 0, NULL, NULL),
(1000, 165389, 35, 2020, 8, 268.5, NULL, NULL),
(1000, 165389, 36, 2020, 2, 238.04, NULL, NULL),
(1000, 165389, 37, 2020, 3, 471.79, NULL, NULL),
(1000, 165389, 38, 2020, 1, 132.66, NULL, NULL),
(1000, 165389, 39, 2020, 2, 218.5, NULL, NULL),
(1000, 165389, 40, 2020, 1, 111.45, NULL, NULL),
(1000, 165389, 41, 2020, 5, 592.89, NULL, NULL),
(1000, 165389, 42, 2020, 1, 99.5, NULL, NULL),
(1000, 165389, 45, 2020, 2, 200, NULL, NULL),
(1000, 165389, 46, 2020, 2, 198.65, NULL, NULL),
(1000, 165389, 47, 2020, 1, 139, NULL, NULL),
(1000, 165389, 50, 2020, 2, 199, NULL, NULL),
(1000, 165389, 51, 2020, 45, 0, 45, 4725),
(1000, 165389, 52, 2020, 167, 142.26, 167, 17535),
(1000, 165390, 2, 2020, 2, 238, NULL, NULL),
(1000, 165390, 2, 2021, 0, 0, 1, 101),
(1000, 165390, 3, 2020, 1, 100, NULL, NULL),
(1000, 165390, 3, 2021, 0, 0, 23, 2323),
(1000, 165390, 4, 2020, 8, 268.57, NULL, NULL),
(1000, 165390, 4, 2021, 0, 0, 6, 606),
(1000, 165390, 5, 2021, 0, 0, 1, 101),
(1000, 165390, 6, 2020, 1, 100, NULL, NULL),
(1000, 165390, 7, 2020, 2, 0, NULL, NULL),
(1000, 165390, 7, 2021, 0, 0, 11, 1111),
(1000, 165390, 8, 2020, 2, 258, NULL, NULL),
(1000, 165390, 9, 2020, 1, 150.9, NULL, NULL),
(1000, 165390, 10, 2020, 1, 159, NULL, NULL),
(1000, 165390, 11, 2021, 0, 0, 1, 101),
(1000, 165390, 12, 2020, 2, 301.11, NULL, NULL),
(1000, 165390, 20, 2020, 1, 149, NULL, NULL),
(1000, 165390, 21, 2020, 301, 0, NULL, NULL),
(1000, 165390, 22, 2020, 301, 161.03, NULL, NULL),
(1000, 165390, 23, 2020, 164, 495.51, NULL, NULL),
(1000, 165390, 24, 2020, 1, 165, NULL, NULL),
(1000, 165390, 27, 2020, 1, 155, NULL, NULL),
(1000, 165390, 30, 2020, 1, 149, NULL, NULL),
(1000, 165390, 32, 2020, 9, 238.5, NULL, NULL),
(1000, 165390, 33, 2020, 22, 132.88, NULL, NULL),
(1000, 165390, 34, 2020, 133, 554.5, NULL, NULL),
(1000, 165390, 35, 2020, 6, 100.51, NULL, NULL),
(1000, 165390, 36, 2020, 67, 99.5, NULL, NULL),
(1000, 165390, 38, 2020, 1, 169, NULL, NULL),
(1000, 165390, 41, 2020, 1, 105.88, NULL, NULL),
(1000, 165390, 42, 2020, 2, 238, NULL, NULL),
(1000, 165390, 43, 2020, 1, 159, NULL, NULL),
(1000, 165390, 44, 2020, 1, 149, NULL, NULL),
(1000, 165390, 45, 2020, 1, 91.53, NULL, NULL),
(1000, 165390, 46, 2020, 2, 194.81, NULL, NULL),
(1000, 165390, 48, 2020, 1, 139, NULL, NULL),
(1000, 165390, 49, 2020, 2, 258, NULL, NULL),
(1000, 165390, 50, 2020, 1, 129, NULL, NULL),
(1000, 165390, 51, 2020, 22, 0, 22, 2222),
(1000, 165390, 52, 2020, 153, 0, 153, 15453),
(1000, 165390, 53, 2020, 0, 0, 1, 101),
(1000, 165392, 2, 2020, 3, 351.57, NULL, NULL),
(1000, 165392, 3, 2020, 3, 272.05, NULL, NULL),
(1000, 165392, 3, 2021, 0, 0, 12, 1248),
(1000, 165392, 4, 2020, 18, 93.15, NULL, NULL),
(1000, 165392, 4, 2021, 0, 0, 16, 1664),
(1000, 165392, 5, 2020, 10, 1060.87, NULL, NULL),
(1000, 165392, 6, 2020, 3, 294.35, NULL, NULL),
(1000, 165392, 7, 2020, 5, 511.24, NULL, NULL),
(1000, 165392, 7, 2021, 0, 0, 10, 1040),
(1000, 165392, 8, 2020, 4, 516.72, NULL, NULL),
(1000, 165392, 8, 2021, 0, 0, 145, 15080),
(1000, 165392, 9, 2020, 4, 525.95, NULL, NULL),
(1000, 165392, 9, 2021, 0, 0, 2, 208),
(1000, 165392, 10, 2020, 1, 159, NULL, NULL),
(1000, 165392, 11, 2020, 1, 154.03, NULL, NULL),
(1000, 165392, 11, 2021, 0, 0, 1, 104),
(1000, 165392, 13, 2020, 2, 398, NULL, NULL),
(1000, 165392, 13, 2021, 0, 0, 1, 104),
(1000, 165392, 20, 2020, 1, 149, NULL, NULL),
(1000, 165392, 22, 2020, 568, 165, NULL, NULL),
(1000, 165392, 23, 2020, 151, 0, NULL, NULL),
(1000, 165392, 24, 2020, 1, 0, NULL, NULL),
(1000, 165392, 26, 2020, 2, 310, NULL, NULL),
(1000, 165392, 29, 2020, 1, 149, NULL, NULL),
(1000, 165392, 31, 2020, 1, 159.28, NULL, NULL),
(1000, 165392, 32, 2020, 7, 118.41, NULL, NULL),
(1000, 165392, 33, 2020, 14, 0, NULL, NULL),
(1000, 165392, 34, 2020, 142, 185.49, NULL, NULL),
(1000, 165392, 35, 2020, 9, 499, NULL, NULL),
(1000, 165392, 36, 2020, 2, 199.5, NULL, NULL),
(1000, 165392, 38, 2020, 4, 530.66, NULL, NULL),
(1000, 165392, 39, 2020, 2, 278, NULL, NULL),
(1000, 165392, 40, 2020, 2, 289.86, NULL, NULL),
(1000, 165392, 41, 2020, 2, 300.02, NULL, NULL),
(1000, 165392, 42, 2020, 2, 199, NULL, NULL),
(1000, 165392, 43, 2020, 6, 736.19, NULL, NULL),
(1000, 165392, 44, 2020, 3, 298.5, NULL, NULL),
(1000, 165392, 45, 2020, 7, 779.87, NULL, NULL),
(1000, 165392, 46, 2020, 6, 596.24, NULL, NULL),
(1000, 165392, 47, 2020, 1, 139, NULL, NULL),
(1000, 165392, 49, 2020, 1, 131.02, NULL, NULL),
(1000, 165392, 50, 2020, 2, 258, NULL, NULL),
(1000, 165392, 51, 2020, 25, 121.21, 24, 2496),
(1000, 165392, 52, 2020, 157, 99.5, 157, 16328),
(1000, 165392, 53, 2020, 0, 0, 2, 208),
(1000, 167382, 1, 2020, 3, 871.18, NULL, NULL),
(1000, 167382, 1, 2021, 0, 0, 1, 166),
(1000, 167382, 2, 2020, 1, 200.14, NULL, NULL),
(1000, 167382, 2, 2021, 0, 0, 19, 3154),
(1000, 167382, 3, 2020, 3, 577.65, NULL, NULL),
(1000, 167382, 3, 2021, 0, 0, 6, 996),
(1000, 167382, 4, 2020, 8, 1583.89, NULL, NULL),
(1000, 167382, 4, 2021, 0, 0, 3, 498),
(1000, 167382, 5, 2020, 3, 721.63, NULL, NULL),
(1000, 167382, 5, 2021, 0, 0, 1, 166),
(1000, 167382, 6, 2020, 2, 544.27, NULL, NULL),
(1000, 167382, 6, 2021, 0, 0, 5, 830),
(1000, 167382, 7, 2020, 3, 342.13, NULL, NULL),
(1000, 167382, 7, 2021, 0, 0, 4, 664),
(1000, 167382, 8, 2020, 6, 1083, NULL, NULL),
(1000, 167382, 8, 2021, 0, 0, 9, 1494),
(1000, 167382, 9, 2020, 1, 279, NULL, NULL),
(1000, 167382, 10, 2020, 6, 1701.68, NULL, NULL),
(1000, 167382, 10, 2021, 0, 0, 5, 830),
(1000, 167382, 11, 2020, 2, 350, NULL, NULL),
(1000, 167382, 11, 2021, 0, 0, 1, 166),
(1000, 167382, 12, 2020, 4, 1065.9, NULL, NULL),
(1000, 167382, 12, 2021, 0, 0, 4, 664),
(1000, 167382, 25, 2020, 2, 642, NULL, NULL),
(1000, 167382, 27, 2020, 1, 332, NULL, NULL),
(1000, 167382, 28, 2020, 8, 2249.91, NULL, NULL),
(1000, 167382, 29, 2020, 11, 3005.72, NULL, NULL),
(1000, 167382, 30, 2020, 9, 2358, NULL, NULL),
(1000, 167382, 31, 2020, 11, 2708.2, NULL, NULL),
(1000, 167382, 32, 2020, 6, 1509.93, NULL, NULL),
(1000, 167382, 33, 2020, 1, 175, NULL, NULL);

-- --------------------------------------------------------

--
-- Table structure for table `item_master_1`
--

CREATE TABLE `item_master_1` (
  `ean_id` int(11) NOT NULL,
  `item_name` varchar(16) DEFAULT NULL,
  `brand_name` varchar(20) DEFAULT NULL,
  `category_name` varchar(32) DEFAULT NULL,
  `sub_category` varchar(1) DEFAULT NULL,
  `division` varchar(1) DEFAULT NULL,
  `sub_division` varchar(1) DEFAULT NULL,
  `cost_price` decimal(2,1) DEFAULT NULL,
  `full_price` decimal(2,1) DEFAULT NULL,
  `uom` varchar(3) DEFAULT NULL,
  `single_unit` int(11) DEFAULT NULL,
  `dim_weight` decimal(5,4) DEFAULT NULL,
  `dim_volume` decimal(5,4) DEFAULT NULL
) ENGINE=InnoDB DEFAULT CHARSET=utf8mb4;

--
-- Dumping data for table `item_master_1`
--

INSERT INTO `item_master_1` (`ean_id`, `item_name`, `brand_name`, `category_name`, `sub_category`, `division`, `sub_division`, `cost_price`, `full_price`, `uom`, `single_unit`, `dim_weight`, `dim_volume`) VALUES
(130298, 'Nivea Gift Pack', 'Nivea', 'Gift and Value Sets - Skin Care', 'a', 'a', 'a', '1.2', '1.2', 'pcs', 1, '0.2345', '0.2438'),
(130302, 'Elite Reward 5', 'Elite99', 'Skin Care', 'a', 'a', 'a', '1.2', '1.2', 'pcs', 1, '0.2345', '0.2438'),
(131256, 'Plum Kajal Duo', 'Plum', 'Kajal', 'a', 'a', 'a', '1.2', '1.2', 'pcs', 1, '0.2345', '0.2438'),
(133767, 'Revlon Nail Art', 'Revlon', 'Nail Polish', 'a', 'a', 'a', '1.2', '1.2', 'pcs', 1, '0.2345', '0.2438'),
(143699, 'Auli Omg!', 'Auli', 'Mens Serums & Essences', 'a', 'a', 'a', '1.2', '1.2', 'pcs', 1, '0.2345', '0.2438'),
(145994, 'IONA Diffuser', 'Iona', 'Massage Oils', 'a', 'a', 'a', '1.2', '1.2', 'pcs', 1, '0.2345', '0.2438'),
(145997, 'Nivea Cr Me', 'Nivea', 'Moisturizer', 'a', 'a', 'a', '1.2', '1.2', 'pcs', 1, '0.2345', '0.2438'),
(146001, 'Jade Roller', 'Elite99', 'Brush Sets', 'a', 'a', 'a', '1.2', '1.2', 'pcs', 1, '0.2345', '0.2438'),
(146007, 'Tigi Maxxed Out', 'Tigi', 'Hair Spray', 'a', 'a', 'a', '1.2', '1.2', 'pcs', 1, '0.2345', '0.2438'),
(146276, 'Vega Nail File 5', 'Vega', 'Pedicure', 'a', 'a', 'a', '1.2', '1.2', 'pcs', 1, '0.2345', '0.2438'),
(147122, 'Tvam Brighten Up', 'TVAM', 'Gift and Value Sets - Skin Care', 'a', 'a', 'a', '1.2', '1.2', 'pcs', 1, '0.2345', '0.2438'),
(147864, 'Fairfax Pamphlet', 'Fairfax', 'Skin Care', 'a', 'a', 'a', '1.2', '1.2', 'pcs', 1, '0.2345', '0.2438'),
(149456, 'Revlon Eye Liner', 'Revlon', 'Eyeliner', 'a', 'a', 'a', '1.2', '1.2', 'pcs', 1, '0.2345', '0.2438'),
(153896, 'Acnes Trial Kit', 'Acnes', 'Face Treatment', 'a', 'a', 'a', '1.2', '1.2', 'pcs', 1, '0.2345', '0.2438'),
(154374, 'Rica Azulene Wax', 'Rica', 'Waxing And Shaving', 'a', 'a', 'a', '1.2', '1.2', 'pcs', 1, '0.2345', '0.2438'),
(154375, 'Ferosh Nail Ring', 'Ferosh', 'Rings', 'a', 'a', 'a', '1.2', '1.2', 'pcs', 1, '0.2345', '0.2438'),
(154377, 'Auli Bad-Be-gone', 'Auli', 'Mens Serums & Essences', 'a', 'a', 'a', '1.2', '1.2', 'pcs', 1, '0.2345', '0.2438'),
(154690, 'LYN Starry Night', 'LYN', 'Nail Polish', 'a', 'a', 'a', '1.2', '1.2', 'pcs', 1, '0.2345', '0.2438'),
(155855, 'Viviana Kit 50', 'Viviana', 'Lipstick', 'a', 'a', 'a', '1.2', '1.2', 'pcs', 1, '0.2345', '0.2438'),
(155856, 'Lakme Face Kit', 'Lakme', 'Makeup Kits', 'a', 'a', 'a', '1.2', '1.2', 'pcs', 1, '0.2345', '0.2438'),
(155866, 'Viviana Kit 28', 'Viviana', 'Lipstick', 'a', 'a', 'a', '1.2', '1.2', 'pcs', 1, '0.2345', '0.2438'),
(155871, 'O3+ Milk Wax', 'O3+', 'Waxing And Shaving', 'a', 'a', 'a', '1.2', '1.2', 'pcs', 1, '0.2345', '0.2438'),
(155876, 'Kesh King Combo', 'Kesh King', 'Hair Oil', 'a', 'a', 'a', '1.2', '1.2', 'pcs', 1, '0.2345', '0.2438'),
(155889, 'cred combo', 'Carmesi', 'Intimate Care', 'a', 'a', 'a', '1.2', '1.2', 'pcs', 1, '0.2345', '0.2438'),
(155891, 'Gua Sha Stone', 'Elite99', 'Brush Sets', 'a', 'a', 'a', '1.2', '1.2', 'pcs', 1, '0.2345', '0.2438'),
(155895, 'Ciel HR+ (50 g)', 'Ciel', 'Hair Treatment', 'a', 'a', 'a', '1.2', '1.2', 'pcs', 1, '0.2345', '0.2438'),
(155898, 'Diesel Gift Set', 'Diesel', 'Gift and Value Sets For Men', 'a', 'a', 'a', '1.2', '1.2', 'pcs', 1, '0.2345', '0.2438'),
(156130, 'Avon Loofah (1N)', 'Avon', 'Bath Accessories', 'a', 'a', 'a', '1.2', '1.2', 'pcs', 1, '0.2345', '0.2438'),
(156311, 'Auli Rose', 'Auli', 'Mens Serums & Essences', 'a', 'a', 'a', '1.2', '1.2', 'pcs', 1, '0.2345', '0.2438'),
(156318, 'Bio-Oil (60 ml)', 'Bio Oil', 'Body Treatment', 'a', 'a', 'a', '1.2', '1.2', 'pcs', 1, '0.2345', '0.2438'),
(156400, 'Viviana Kit 9', 'Viviana', 'Eyeliner', 'a', 'a', 'a', '1.2', '1.2', 'pcs', 1, '0.2345', '0.2438'),
(156826, 'Elite Reward 3', 'Elite99', 'Gift and Value Sets - Skin Care', 'a', 'a', 'a', '1.2', '1.2', 'pcs', 1, '0.2345', '0.2438'),
(156828, 'Viviana Kit 34', 'Viviana', 'Lipstick', 'a', 'a', 'a', '1.2', '1.2', 'pcs', 1, '0.2345', '0.2438'),
(156915, 'Colorbar Lip Pot', 'Colorbar', 'Lip Gloss', 'a', 'a', 'a', '1.2', '1.2', 'pcs', 1, '0.2345', '0.2438'),
(156916, 'Bio-Oil (125 ml)', 'Bio Oil', 'Body & Massage Oils', 'a', 'a', 'a', '1.2', '1.2', 'pcs', 1, '0.2345', '0.2438'),
(156931, 'Avon Gift Hamper', 'Avon', 'Gift and Value Sets', 'a', 'a', 'a', '1.2', '1.2', 'pcs', 1, '0.2345', '0.2438'),
(157624, 'Vega Round Brush', 'Vega', 'Hair Brushes', 'a', 'a', 'a', '1.2', '1.2', 'pcs', 1, '0.2345', '0.2438'),
(158609, 'Nivea Creme', 'Nivea', 'Moisturizer', 'a', 'a', 'a', '1.2', '1.2', 'pcs', 1, '0.2345', '0.2438'),
(158978, 'Viviana Kit 53', 'Viviana', 'Lipstick', 'a', 'a', 'a', '1.2', '1.2', 'pcs', 1, '0.2345', '0.2438'),
(164278, 'Lipice Color', 'Lipice', 'Lipstick', 'a', 'a', 'a', '1.2', '1.2', 'pcs', 1, '0.2345', '0.2438'),
(164282, 'Nyx Cream Blush', 'NYX', 'Blush', 'a', 'a', 'a', '1.2', '1.2', 'pcs', 1, '0.2345', '0.2438'),
(164284, 'Elite Reward 2', 'Elite99', 'Gift and Value Sets', 'a', 'a', 'a', '1.2', '1.2', 'pcs', 1, '0.2345', '0.2438'),
(164285, 'Qraa Gold Kit', 'Qraa', 'Facial Kits & Bleaches', 'a', 'a', 'a', '1.2', '1.2', 'pcs', 1, '0.2345', '0.2438'),
(164290, 'Elite Reward 5', 'Elite99', 'Skin Care', 'a', 'a', 'a', '1.2', '1.2', 'pcs', 1, '0.2345', '0.2438'),
(165379, 'Nova NHC-6011', 'Nova', 'Electric Shaver', 'a', 'a', 'a', '1.2', '1.2', 'pcs', 1, '0.2345', '0.2438'),
(165380, 'Elite Reward 4', 'Elite99', 'Gift and Value Sets - Skin Care', 'a', 'a', 'a', '1.2', '1.2', 'pcs', 1, '0.2345', '0.2438'),
(165381, 'Natio Blusher', 'Natio', 'Blush', 'a', 'a', 'a', '1.2', '1.2', 'pcs', 1, '0.2345', '0.2438'),
(165382, 'Rica Honey Wax', 'Rica', 'Waxing And Shaving', 'a', 'a', 'a', '1.2', '1.2', 'pcs', 1, '0.2345', '0.2438'),
(165383, 'Nova NHC-6021', 'Nova', 'Electric Shaver', 'a', 'a', 'a', '1.2', '1.2', 'pcs', 1, '0.2345', '0.2438'),
(165384, 'TS Fan Brush', 'TS', 'Face Brushes', 'a', 'a', 'a', '1.2', '1.2', 'pcs', 1, '0.2345', '0.2438'),
(165385, 'Nova NHC-3500', 'Nova', 'Electric Shaver', 'a', 'a', 'a', '1.2', '1.2', 'pcs', 1, '0.2345', '0.2438'),
(165386, 'Colorbar Blush', 'Colorbar', 'Blush', 'a', 'a', 'a', '1.2', '1.2', 'pcs', 1, '0.2345', '0.2438'),
(165387, 'Viviana Kit 37', 'Viviana', 'Lipstick', 'a', 'a', 'a', '1.2', '1.2', 'pcs', 1, '0.2345', '0.2438'),
(165388, 'Avon Femme Edp', 'Avon', 'Perfumes for Women', 'a', 'a', 'a', '1.2', '1.2', 'pcs', 1, '0.2345', '0.2438'),
(165389, 'Axe Pulse Talc', 'Axe', 'Talc For Men', 'a', 'a', 'a', '1.2', '1.2', 'pcs', 1, '0.2345', '0.2438'),
(165390, 'Viviana Kit 35', 'Viviana', 'Lipstick', 'a', 'a', 'a', '1.2', '1.2', 'pcs', 1, '0.2345', '0.2438'),
(165391, 'Max 360 Mirror', 'Max', 'Mirror', 'a', 'a', 'a', '1.2', '1.2', 'pcs', 1, '0.2345', '0.2438'),
(165392, 'Qraa D-Tan Kit', 'Qraa', 'Facial Kits & Bleaches', 'a', 'a', 'a', '1.2', '1.2', 'pcs', 1, '0.2345', '0.2438'),
(165393, 'Nova NHC-8004', 'Nova', 'Electric Shaver', 'a', 'a', 'a', '1.2', '1.2', 'pcs', 1, '0.2345', '0.2438'),
(165395, 'Revlon Combo 1', 'Revlon', 'Nail Polish', 'a', 'a', 'a', '1.2', '1.2', 'pcs', 1, '0.2345', '0.2438'),
(165396, 'Auli Silk Rose', 'Auli', 'Mens Serums & Essences', 'a', 'a', 'a', '1.2', '1.2', 'pcs', 1, '0.2345', '0.2438'),
(165398, 'Dabur Lal Tail', 'Dabur', 'Baby Oil', 'a', 'a', 'a', '1.2', '1.2', 'pcs', 1, '0.2345', '0.2438'),
(167382, 'VLCC Rose Water', 'VLCC', 'Cleansers', 'a', 'a', 'a', '1.2', '1.2', 'pcs', 1, '0.2345', '0.2438'),
(169986, 'Elite Hamper', 'Elite99', 'Gift and Value Sets - Skin Care', 'a', 'a', 'a', '1.2', '1.2', 'pcs', 1, '0.2345', '0.2438'),
(169987, 'Vega Kajal', 'Vega', 'Kajal', 'a', 'a', 'a', '1.2', '1.2', 'pcs', 1, '0.2345', '0.2438'),
(170000, 'Zuska Pouch', 'Zuska', 'Face Washes', 'a', 'a', 'a', '1.2', '1.2', 'pcs', 1, '0.2345', '0.2438'),
(170184, 'Nivea Lip care', 'Nivea', 'Lip Care', 'a', 'a', 'a', '1.2', '1.2', 'pcs', 1, '0.2345', '0.2438'),
(170196, 'LYN Drop To Dry', 'LYN', 'Top and Base Coat', 'a', 'a', 'a', '1.2', '1.2', 'pcs', 1, '0.2345', '0.2438'),
(170197, 'SUGAR Jackpot 4', 'Sugar', 'Gifts and Value Sets - Makeup', 'a', 'a', 'a', '1.2', '1.2', 'pcs', 1, '0.2345', '0.2438'),
(170326, 'Elle18 Nail Pops', 'Elle18', 'Nail Polish', 'a', 'a', 'a', '1.2', '1.2', 'pcs', 1, '0.2345', '0.2438'),
(170328, 'Votre Texturiser', 'VOTRE', 'Scrubs & Exfoliators', 'a', 'a', 'a', '1.2', '1.2', 'pcs', 1, '0.2345', '0.2438'),
(170368, 'Vega Loofah Pad', 'Vega', 'Bath Accessories', 'a', 'a', 'a', '1.2', '1.2', 'pcs', 1, '0.2345', '0.2438'),
(170705, 'Remington S5525', 'Remington', 'Hair Styling', 'a', 'a', 'a', '1.2', '1.2', 'pcs', 1, '0.2345', '0.2438'),
(170706, 'Plum Kajal Duo', 'Plum', 'Kajal', 'a', 'a', 'a', '1.2', '1.2', 'pcs', 1, '0.2345', '0.2438'),
(170707, 'Elite Reward 3', 'Elite99', 'Gift and Value Sets', 'a', 'a', 'a', '1.2', '1.2', 'pcs', 1, '0.2345', '0.2438'),
(170708, 'Revlon Combo 2', 'Revlon', 'Nail Polish', 'a', 'a', 'a', '1.2', '1.2', 'pcs', 1, '0.2345', '0.2438'),
(170929, 'Lakme Face Magic', 'Lakme', 'Foundation', 'a', 'a', 'a', '1.2', '1.2', 'pcs', 1, '0.2345', '0.2438'),
(170933, 'Lotus Makeup Kit', 'Lotus Herbals', 'Gifts and Value Sets - Makeup', 'a', 'a', 'a', '1.2', '1.2', 'pcs', 1, '0.2345', '0.2438'),
(170937, 'VEGA Pocket Comb', 'Vega', 'Eye Brushes', 'a', 'a', 'a', '1.2', '1.2', 'pcs', 1, '0.2345', '0.2438'),
(170947, 'Fem Bleach Combo', 'Fem', 'Bleach', 'a', 'a', 'a', '1.2', '1.2', 'pcs', 1, '0.2345', '0.2438'),
(171125, 'M.A.C Desi Girl', 'M.A.C', 'Makeup Kits', 'a', 'a', 'a', '1.2', '1.2', 'pcs', 1, '0.2345', '0.2438'),
(171128, 'Vega - R4-FBS', 'Vega', 'Hair Brushes', 'a', 'a', 'a', '1.2', '1.2', 'pcs', 1, '0.2345', '0.2438'),
(171136, 'LYN Top Coat', 'LYN', 'Nail Polish', 'a', 'a', 'a', '1.2', '1.2', 'pcs', 1, '0.2345', '0.2438'),
(171143, 'Auli gulabo', 'Auli', 'Mens Serums & Essences', 'a', 'a', 'a', '1.2', '1.2', 'pcs', 1, '0.2345', '0.2438'),
(171199, 'Bio-Oil (60 ml)', 'Bio Oil', 'Body & Massage Oils', 'a', 'a', 'a', '1.2', '1.2', 'pcs', 1, '0.2345', '0.2438'),
(171200, 'Vlcc Bleach Kit', 'VLCC', 'Bleach', 'a', 'a', 'a', '1.2', '1.2', 'pcs', 1, '0.2345', '0.2438'),
(172620, '4711 - Deo Combo', '4711', 'Grooming Kits for Men', 'a', 'a', 'a', '1.2', '1.2', 'pcs', 1, '0.2345', '0.2438'),
(172623, 'Silver Scent EDT', 'Jacques Bogart', 'Perfumes for Men', 'a', 'a', 'a', '1.2', '1.2', 'pcs', 1, '0.2345', '0.2438'),
(172626, 'Sara Lemon Mask', 'Sara', 'Face Treatment', 'a', 'a', 'a', '1.2', '1.2', 'pcs', 1, '0.2345', '0.2438'),
(173466, 'ArtFX Corrector', 'ArtFX', 'Eye Brushes', 'a', 'a', 'a', '1.2', '1.2', 'pcs', 1, '0.2345', '0.2438'),
(173471, 'Bio-Oil (60 ml)', 'Bio Oil', 'Body Treatment', 'a', 'a', 'a', '1.2', '1.2', 'pcs', 1, '0.2345', '0.2438'),
(173472, 'Divo Bath Sponge', 'Divo', 'Bath Accessories', 'a', 'a', 'a', '1.2', '1.2', 'pcs', 1, '0.2345', '0.2438'),
(173474, 'Avon Light Wheat', 'Avon', 'Face Sunscreen', 'a', 'a', 'a', '1.2', '1.2', 'pcs', 1, '0.2345', '0.2438'),
(173476, 'Nyassa Musk Soap', 'Nyassa', 'Handmade Soaps', 'a', 'a', 'a', '1.2', '1.2', 'pcs', 1, '0.2345', '0.2438'),
(173478, 'Zegna Uomo 100Ml', 'Zegna', 'Perfumes for Men', 'a', 'a', 'a', '1.2', '1.2', 'pcs', 1, '0.2345', '0.2438'),
(173480, 'Bio-Oil (60 ml)', 'Bio Oil', 'Body Treatment', 'a', 'a', 'a', '1.2', '1.2', 'pcs', 1, '0.2345', '0.2438'),
(173482, 'Provoc Sharpner', 'Provoc', 'Brush Sets', 'a', 'a', 'a', '1.2', '1.2', 'pcs', 1, '0.2345', '0.2438'),
(173649, 'Bio-Oil (125 ml)', 'Bio Oil', 'Body & Massage Oils', 'a', 'a', 'a', '1.2', '1.2', 'pcs', 1, '0.2345', '0.2438'),
(173657, 'SUGAR Jackpot 2', 'Sugar', 'Gifts and Value Sets - Makeup', 'a', 'a', 'a', '1.2', '1.2', 'pcs', 1, '0.2345', '0.2438'),
(173658, 'Viviana Kit 7', 'Viviana', 'Eyeliner', 'a', 'a', 'a', '1.2', '1.2', 'pcs', 1, '0.2345', '0.2438'),
(173659, 'Viviana Kit 51', 'Viviana', 'Lipstick', 'a', 'a', 'a', '1.2', '1.2', 'pcs', 1, '0.2345', '0.2438'),
(173660, 'Elite Reward 4', 'Elite99', 'Gift and Value Sets - Skin Care', 'a', 'a', 'a', '1.2', '1.2', 'pcs', 1, '0.2345', '0.2438'),
(173662, 'Nivea CrAme', 'Nivea', 'Face Moisturizers & Day Creams', 'a', 'a', 'a', '1.2', '1.2', 'pcs', 1, '0.2345', '0.2438'),
(173663, 'Auli Puretinol', 'Auli', 'Mens Serums & Essences', 'a', 'a', 'a', '1.2', '1.2', 'pcs', 1, '0.2345', '0.2438'),
(173664, 'Tvam Skin Fuel', 'TVAM', 'Gift and Value Sets - Skin Care', 'a', 'a', 'a', '1.2', '1.2', 'pcs', 1, '0.2345', '0.2438'),
(173666, 'Brut Spray EDT', 'Brut', 'Perfumes', 'a', 'a', 'a', '1.2', '1.2', 'pcs', 1, '0.2345', '0.2438'),
(173667, 'Glam Eyes Combo', 'NY Bae', 'Kajal', 'a', 'a', 'a', '1.2', '1.2', 'pcs', 1, '0.2345', '0.2438'),
(174093, 'ANGULAR BRUSH', 'Note', 'Face Brushes', 'a', 'a', 'a', '1.2', '1.2', 'pcs', 1, '0.2345', '0.2438'),
(174094, 'Dont ever use', 'Good Vibes', 'Skin Care', 'a', 'a', 'a', '1.2', '1.2', 'pcs', 1, '0.2345', '0.2438'),
(174201, 'Natio Lip Color', 'Natio', 'Lipstick', 'a', 'a', 'a', '1.2', '1.2', 'pcs', 1, '0.2345', '0.2438'),
(174250, 'Ferosh Love Cuff', 'Ferosh', 'Bangles & Bracelets', 'a', 'a', 'a', '1.2', '1.2', 'pcs', 1, '0.2345', '0.2438'),
(175151, 'O3+ Brighten Up', 'O3+', 'Face Moisturizers & Day Creams', 'a', 'a', 'a', '1.2', '1.2', 'pcs', 1, '0.2345', '0.2438'),
(175266, 'NOTE BB CREAM 02', 'Note', 'Foundation', 'a', 'a', 'a', '1.2', '1.2', 'pcs', 1, '0.2345', '0.2438'),
(175272, 'Gaia Large Brush', 'Divo', 'Hair Brushes', 'a', 'a', 'a', '1.2', '1.2', 'pcs', 1, '0.2345', '0.2438'),
(175286, 'Divo Body Sponge', 'Divo', 'Bath Accessories', 'a', 'a', 'a', '1.2', '1.2', 'pcs', 1, '0.2345', '0.2438'),
(176001, 'Persona Elegance', 'Lakme', 'Gifts and Value Sets - Hair Care', 'a', 'a', 'a', '1.2', '1.2', 'pcs', 1, '0.2345', '0.2438'),
(176889, 'Vega Nail Filer', 'Vega', 'Brush Sets', 'a', 'a', 'a', '1.2', '1.2', 'pcs', 1, '0.2345', '0.2438'),
(176896, 'Tigi Maxxed-Out', 'Tigi', 'Hair Spray', 'a', 'a', 'a', '1.2', '1.2', 'pcs', 1, '0.2345', '0.2438'),
(176898, 'Ikonic Pro Clip', 'Ikonic', 'Hair Clips  Bands & More', 'a', 'a', 'a', '1.2', '1.2', 'pcs', 1, '0.2345', '0.2438'),
(176900, 'Auli Damn  Sun!', 'Auli', 'Mens Serums & Essences', 'a', 'a', 'a', '1.2', '1.2', 'pcs', 1, '0.2345', '0.2438'),
(177997, 'Oval Pouches', 'Purplle', 'Makeup Pouches', 'a', 'a', 'a', '1.2', '1.2', 'pcs', 1, '0.2345', '0.2438'),
(177999, 'TS Nail Buffer', 'TS', 'Foot Care', 'a', 'a', 'a', '1.2', '1.2', 'pcs', 1, '0.2345', '0.2438'),
(178380, 'Nova NHC-302', 'Nova', 'Electric Shaver', 'a', 'a', 'a', '1.2', '1.2', 'pcs', 1, '0.2345', '0.2438'),
(178528, 'Avon Footfile', 'Avon', 'Foot Care', 'a', 'a', 'a', '1.2', '1.2', 'pcs', 1, '0.2345', '0.2438'),
(178573, 'Dove Hair Combo', 'Dove', 'Gifts and Value Sets - Hair Care', 'a', 'a', 'a', '1.2', '1.2', 'pcs', 1, '0.2345', '0.2438'),
(178588, 'TVAM Soap Pack 4', 'TVAM', 'Gift and Value Sets - Skin Care', 'a', 'a', 'a', '1.2', '1.2', 'pcs', 1, '0.2345', '0.2438'),
(178590, 'Swiss Army Knife', 'Swiss army', 'Intimate Care', 'a', 'a', 'a', '1.2', '1.2', 'pcs', 1, '0.2345', '0.2438'),
(178596, 'SUGAR Jackpot 1', 'Sugar', 'Gifts and Value Sets - Makeup', 'a', 'a', 'a', '1.2', '1.2', 'pcs', 1, '0.2345', '0.2438'),
(178617, 'TVAM Soap Pack 2', 'TVAM', 'Gift and Value Sets - Skin Care', 'a', 'a', 'a', '1.2', '1.2', 'pcs', 1, '0.2345', '0.2438'),
(178618, 'Remington CR4000', 'Remington', 'Massager', 'a', 'a', 'a', '1.2', '1.2', 'pcs', 1, '0.2345', '0.2438'),
(178633, 'Missy Hair Wrap', 'Missy', 'Hair Styling', 'a', 'a', 'a', '1.2', '1.2', 'pcs', 1, '0.2345', '0.2438'),
(178635, 'Ferosh Fox Ring', 'Ferosh', 'Rings', 'a', 'a', 'a', '1.2', '1.2', 'pcs', 1, '0.2345', '0.2438'),
(178636, 'Ferosh Paw Ring', 'Ferosh', 'Rings', 'a', 'a', 'a', '1.2', '1.2', 'pcs', 1, '0.2345', '0.2438'),
(178638, 'Vlcc Summer Kit', 'VLCC', 'Gift and Value Sets - Skin Care', 'a', 'a', 'a', '1.2', '1.2', 'pcs', 1, '0.2345', '0.2438'),
(178639, 'TS Pumice Stone', 'TS', 'Foot Care', 'a', 'a', 'a', '1.2', '1.2', 'pcs', 1, '0.2345', '0.2438'),
(180167, 'referal combo 1', 'Elite99', 'Lipstick', 'a', 'a', 'a', '1.2', '1.2', 'pcs', 1, '0.2345', '0.2438'),
(180168, 'Axe Boost 150 ml', 'Axe', 'Deodorants & Roll-Ons for Men', 'a', 'a', 'a', '1.2', '1.2', 'pcs', 1, '0.2345', '0.2438'),
(180169, 'M.A.C Pouch', 'M.A.C', 'Makeup Pouches', 'a', 'a', 'a', '1.2', '1.2', 'pcs', 1, '0.2345', '0.2438'),
(180171, 'Elite Reward 1', 'Elite99', 'Gift and Value Sets', 'a', 'a', 'a', '1.2', '1.2', 'pcs', 1, '0.2345', '0.2438'),
(180173, 'Plum Kajal Duo', 'Plum', 'Kajal', 'a', 'a', 'a', '1.2', '1.2', 'pcs', 1, '0.2345', '0.2438'),
(180174, 'Divo Bath Brush', 'Divo', 'Bath Accessories', 'a', 'a', 'a', '1.2', '1.2', 'pcs', 1, '0.2345', '0.2438'),
(180177, 'Auli Tea Treat', 'Auli', 'Mens Serums & Essences', 'a', 'a', 'a', '1.2', '1.2', 'pcs', 1, '0.2345', '0.2438'),
(180245, 'TVAM Soap Pack 1', 'TVAM', 'Gift and Value Sets - Skin Care', 'a', 'a', 'a', '1.2', '1.2', 'pcs', 1, '0.2345', '0.2438'),
(181217, 'Jaguar C2 Brush', 'Jaguar Brushes', 'Hair Brushes', 'a', 'a', 'a', '1.2', '1.2', 'pcs', 1, '0.2345', '0.2438'),
(181336, 'Pearl Small', 'Divo', 'Hair Brushes', 'a', 'a', 'a', '1.2', '1.2', 'pcs', 1, '0.2345', '0.2438'),
(181337, 'Wet Brush', 'Wet Brush', 'Hair Brushes', 'a', 'a', 'a', '1.2', '1.2', 'pcs', 1, '0.2345', '0.2438'),
(181345, 'BUFFER BRUSH', 'Note', 'Face Brushes', 'a', 'a', 'a', '1.2', '1.2', 'pcs', 1, '0.2345', '0.2438'),
(181351, 'LYN Nail Polish', 'LYN', 'Nail Polish', 'a', 'a', 'a', '1.2', '1.2', 'pcs', 1, '0.2345', '0.2438'),
(181388, 'Nyx Powder Blush', 'NYX', 'Blush', 'a', 'a', 'a', '1.2', '1.2', 'pcs', 1, '0.2345', '0.2438'),
(182732, 'Beauty Blossoms', 'Lakme', 'Gifts and Value Sets - Hair Care', 'a', 'a', 'a', '1.2', '1.2', 'pcs', 1, '0.2345', '0.2438'),
(182734, 'Jaguar C3 Brush', 'Jaguar Brushes', 'Hair Brushes', 'a', 'a', 'a', '1.2', '1.2', 'pcs', 1, '0.2345', '0.2438'),
(183672, 'VLCC Silver Kit', 'VLCC', 'Facial Kits & Bleaches', 'a', 'a', 'a', '1.2', '1.2', 'pcs', 1, '0.2345', '0.2438'),
(183673, 'Breathe Booklet', 'Breathe Aromatherapy', 'Face Washes', 'a', 'a', 'a', '1.2', '1.2', 'pcs', 1, '0.2345', '0.2438'),
(183867, 'divo gaia brush', 'Divo', 'Hair Brushes', 'a', 'a', 'a', '1.2', '1.2', 'pcs', 1, '0.2345', '0.2438'),
(184371, 'Ferosh Opal Ring', 'Ferosh', 'Rings', 'a', 'a', 'a', '1.2', '1.2', 'pcs', 1, '0.2345', '0.2438'),
(184484, 'Ferosh Rose Band', 'Ferosh', 'Hair Accessories', 'a', 'a', 'a', '1.2', '1.2', 'pcs', 1, '0.2345', '0.2438'),
(184489, 'VLCC Silver Kit', 'VLCC', 'Facial Kits & Bleaches', 'a', 'a', 'a', '1.2', '1.2', 'pcs', 1, '0.2345', '0.2438'),
(184821, 'PAC Pore Primer', 'PAC', 'Primer', 'a', 'a', 'a', '1.2', '1.2', 'pcs', 1, '0.2345', '0.2438'),
(184830, 'Elite Rewards 4', 'Elite99', 'Brush Sets', 'a', 'a', 'a', '1.2', '1.2', 'pcs', 1, '0.2345', '0.2438'),
(184842, 'Guess Women Edp', 'Guess', 'Perfumes for Women', 'a', 'a', 'a', '1.2', '1.2', 'pcs', 1, '0.2345', '0.2438'),
(184861, 'SUGAR Jackpot 3', 'Sugar', 'Gifts and Value Sets - Makeup', 'a', 'a', 'a', '1.2', '1.2', 'pcs', 1, '0.2345', '0.2438'),
(184870, 'Lomani Santiago', 'Lomani', 'Deodorants & Roll-Ons for Men', 'a', 'a', 'a', '1.2', '1.2', 'pcs', 1, '0.2345', '0.2438'),
(184871, 'Missy Fan Brush', 'Missy', 'Face Brushes', 'a', 'a', 'a', '1.2', '1.2', 'pcs', 1, '0.2345', '0.2438'),
(184906, 'Nova NHC-3768', 'Nova', 'Electric Shaver', 'a', 'a', 'a', '1.2', '1.2', 'pcs', 1, '0.2345', '0.2438'),
(184907, 'limited-oos', 'Nivea', 'Deodorants & Roll-Ons for Men', 'a', 'a', 'a', '1.2', '1.2', 'pcs', 1, '0.2345', '0.2438'),
(184908, 'Nyah Loofah', 'nYah', 'Bath Accessories', 'a', 'a', 'a', '1.2', '1.2', 'pcs', 1, '0.2345', '0.2438'),
(184909, 'Elite Combo', 'Elite99', 'Skin Care', 'a', 'a', 'a', '1.2', '1.2', 'pcs', 1, '0.2345', '0.2438'),
(184912, 'Babila Moser', 'Babila', 'Epilators', 'a', 'a', 'a', '1.2', '1.2', 'pcs', 1, '0.2345', '0.2438'),
(184913, 'Jovees Kajal 3 g', 'Jovees', 'Kajal', 'a', 'a', 'a', '1.2', '1.2', 'pcs', 1, '0.2345', '0.2438'),
(184914, 'Aaria Mini Brush', 'Divo', 'Hair Brushes', 'a', 'a', 'a', '1.2', '1.2', 'pcs', 1, '0.2345', '0.2438'),
(184915, 'VLCC Kajal (1 g)', 'VLCC', 'Kajal', 'a', 'a', 'a', '1.2', '1.2', 'pcs', 1, '0.2345', '0.2438'),
(184916, 'ID Glide (65 ml)', 'ID Lubricants', 'Lubricants', 'a', 'a', 'a', '1.2', '1.2', 'pcs', 1, '0.2345', '0.2438'),
(184917, 'Gaia Small Brush', 'Divo', 'Hair Brushes', 'a', 'a', 'a', '1.2', '1.2', 'pcs', 1, '0.2345', '0.2438'),
(184918, 'Revlon Top Speed', 'Revlon', 'Nail Polish', 'a', 'a', 'a', '1.2', '1.2', 'pcs', 1, '0.2345', '0.2438'),
(184919, 'Lotus Makeup Kit', 'Lotus Herbals', 'Gifts and Value Sets - Makeup', 'a', 'a', 'a', '1.2', '1.2', 'pcs', 1, '0.2345', '0.2438'),
(184920, 'NOTE BB CREAM 01', 'Note', 'Foundation', 'a', 'a', 'a', '1.2', '1.2', 'pcs', 1, '0.2345', '0.2438'),
(184921, 'VLCC Kajal (3 g)', 'VLCC', 'Kajal', 'a', 'a', 'a', '1.2', '1.2', 'pcs', 1, '0.2345', '0.2438'),
(184923, 'M.A.C Tere Naina', 'M.A.C', 'Makeup Kits', 'a', 'a', 'a', '1.2', '1.2', 'pcs', 1, '0.2345', '0.2438'),
(186367, 'Remington S7300', 'Remington', 'Hair Straightener', 'a', 'a', 'a', '1.2', '1.2', 'pcs', 1, '0.2345', '0.2438'),
(186443, 'SHARPNER', 'Note', 'Brush Sets', 'a', 'a', 'a', '1.2', '1.2', 'pcs', 1, '0.2345', '0.2438'),
(186477, 'Elite Reward', 'Elite99', 'Lipstick', 'a', 'a', 'a', '1.2', '1.2', 'pcs', 1, '0.2345', '0.2438'),
(186512, 'limited-oos', 'Nivea', 'Body Lotions & Moisturizers', 'a', 'a', 'a', '1.2', '1.2', 'pcs', 1, '0.2345', '0.2438'),
(186514, 'Auli Plumpkin', 'Auli', 'Mens Serums & Essences', 'a', 'a', 'a', '1.2', '1.2', 'pcs', 1, '0.2345', '0.2438'),
(186750, 'Anherb Mud Mask', 'Anherb', 'Face Pack  Masks and Peels', 'a', 'a', 'a', '1.2', '1.2', 'pcs', 1, '0.2345', '0.2438'),
(186751, 'W2 Fairness Kit', 'W2', 'Gift and Value Sets - Skin Care', 'a', 'a', 'a', '1.2', '1.2', 'pcs', 1, '0.2345', '0.2438'),
(186755, 'QVS Eye Smudger', 'QVS', 'Eye Brushes', 'a', 'a', 'a', '1.2', '1.2', 'pcs', 1, '0.2345', '0.2438'),
(186758, 'Dabur Badam Tail', 'Dabur', 'Hair Oil', 'a', 'a', 'a', '1.2', '1.2', 'pcs', 1, '0.2345', '0.2438'),
(186932, 'Qraa Pearl Kit', 'Qraa', 'Facial Kits & Bleaches', 'a', 'a', 'a', '1.2', '1.2', 'pcs', 1, '0.2345', '0.2438'),
(186942, 'Nova NHC-301', 'Nova', 'Electric Shaver', 'a', 'a', 'a', '1.2', '1.2', 'pcs', 1, '0.2345', '0.2438'),
(186944, 'Elite Reward 3', 'Elite99', 'Gift and Value Sets', 'a', 'a', 'a', '1.2', '1.2', 'pcs', 1, '0.2345', '0.2438'),
(186949, 'Elite Hamper', 'Elite99', 'Gift and Value Sets', 'a', 'a', 'a', '1.2', '1.2', 'pcs', 1, '0.2345', '0.2438'),
(186952, 'Divo Lip Brush', 'Divo', 'Lip Brushes', 'a', 'a', 'a', '1.2', '1.2', 'pcs', 1, '0.2345', '0.2438'),
(187013, 'Remington MB4120', 'Remington', 'Electric Shaver', 'a', 'a', 'a', '1.2', '1.2', 'pcs', 1, '0.2345', '0.2438'),
(187015, 'TS Powder Brush', 'TS', 'Face Brushes', 'a', 'a', 'a', '1.2', '1.2', 'pcs', 1, '0.2345', '0.2438'),
(187016, 'Elite Reward 5', 'Elite99', 'Gift and Value Sets', 'a', 'a', 'a', '1.2', '1.2', 'pcs', 1, '0.2345', '0.2438'),
(187017, 'Olay Serum 50 ml', 'Olay', 'Serums & Essences', 'a', 'a', 'a', '1.2', '1.2', 'pcs', 1, '0.2345', '0.2438'),
(187021, 'DAFNI go', 'Dafni', 'Hair Straightener', 'a', 'a', 'a', '1.2', '1.2', 'pcs', 1, '0.2345', '0.2438'),
(187025, 'Nova RF-408', 'Nova', 'Electric Shaver', 'a', 'a', 'a', '1.2', '1.2', 'pcs', 1, '0.2345', '0.2438'),
(187027, 'TVAM Soap Pack 3', 'TVAM', 'Gift and Value Sets - Skin Care', 'a', 'a', 'a', '1.2', '1.2', 'pcs', 1, '0.2345', '0.2438'),
(187028, 'Gift Wrap', 'Purplle', 'Gift and Value Sets', 'a', 'a', 'a', '1.2', '1.2', 'pcs', 1, '0.2345', '0.2438'),
(187030, 'Elite Reward 3', 'Elite99', 'Gift and Value Sets - Skin Care', 'a', 'a', 'a', '1.2', '1.2', 'pcs', 1, '0.2345', '0.2438'),
(187031, 'Jaguar C1 Brush', 'Jaguar Brushes', 'Hair Brushes', 'a', 'a', 'a', '1.2', '1.2', 'pcs', 1, '0.2345', '0.2438'),
(187255, 'Zephyr (100 ml)', 'Zephyr', 'Perfumes', 'a', 'a', 'a', '1.2', '1.2', 'pcs', 1, '0.2345', '0.2438'),
(187266, 'NYX Blush Nutmeg', 'NYX', 'Blush', 'a', 'a', 'a', '1.2', '1.2', 'pcs', 1, '0.2345', '0.2438'),
(187269, 'Bio-Oil (60 ml)', 'Bio Oil', 'Body & Massage Oils', 'a', 'a', 'a', '1.2', '1.2', 'pcs', 1, '0.2345', '0.2438'),
(188278, 'Plum Kajal Duo', 'Plum', 'Kajal', 'a', 'a', 'a', '1.2', '1.2', 'pcs', 1, '0.2345', '0.2438'),
(188279, 'Nova NHC-6121', 'Nova', 'Electric Shaver', 'a', 'a', 'a', '1.2', '1.2', 'pcs', 1, '0.2345', '0.2438'),
(188280, 'Nova NHC-3758', 'Nova', 'Electric Shaver', 'a', 'a', 'a', '1.2', '1.2', 'pcs', 1, '0.2345', '0.2438'),
(188281, 'Auli Softie', 'Auli', 'Mens Serums & Essences', 'a', 'a', 'a', '1.2', '1.2', 'pcs', 1, '0.2345', '0.2438'),
(188282, 'Revlon Combo 3', 'Revlon', 'Nail Polish', 'a', 'a', 'a', '1.2', '1.2', 'pcs', 1, '0.2345', '0.2438'),
(188284, 'Gift Wraps 400', 'Purplle', 'Makeup Kits', 'a', 'a', 'a', '1.2', '1.2', 'pcs', 1, '0.2345', '0.2438'),
(188285, 'W2 Fruit Kit', 'W2', 'Gift and Value Sets - Skin Care', 'a', 'a', 'a', '1.2', '1.2', 'pcs', 1, '0.2345', '0.2438'),
(188339, 'Elite Reward 4', 'Elite99', 'Lipstick', 'a', 'a', 'a', '1.2', '1.2', 'pcs', 1, '0.2345', '0.2438'),
(188376, 'Avon Deep Wheat', 'Avon', 'Face Sunscreen', 'a', 'a', 'a', '1.2', '1.2', 'pcs', 1, '0.2345', '0.2438'),
(188392, 'Bio-Oil (125 ml)', 'Bio Oil', 'Body & Massage Oils', 'a', 'a', 'a', '1.2', '1.2', 'pcs', 1, '0.2345', '0.2438'),
(188413, 'BBLUNT Booklet', 'BBLUNT', 'Face Washes', 'a', 'a', 'a', '1.2', '1.2', 'pcs', 1, '0.2345', '0.2438'),
(188417, 'LYN Base Coat', 'LYN', 'Nail Polish', 'a', 'a', 'a', '1.2', '1.2', 'pcs', 1, '0.2345', '0.2438'),
(188778, 'KN95 WSX', 'KN95 MASK-WSX', 'Wellness', 'a', 'a', 'a', '1.2', '1.2', 'pcs', 1, '0.2345', '0.2438'),
(190811, 'BLUSHER BRUSH', 'Note', 'Face Brushes', 'a', 'a', 'a', '1.2', '1.2', 'pcs', 1, '0.2345', '0.2438'),
(190812, 'Elite Reward 5', 'Elite99', 'Gift and Value Sets', 'a', 'a', 'a', '1.2', '1.2', 'pcs', 1, '0.2345', '0.2438'),
(190816, 'Elite Reward 5', 'Elite99', 'Skin Care', 'a', 'a', 'a', '1.2', '1.2', 'pcs', 1, '0.2345', '0.2438'),
(190824, 'LIL WET BRUSH', 'Wet Brush', 'Hair Brushes', 'a', 'a', 'a', '1.2', '1.2', 'pcs', 1, '0.2345', '0.2438'),
(190828, 'Nova NHC-3791', 'Nova', 'Electric Shaver', 'a', 'a', 'a', '1.2', '1.2', 'pcs', 1, '0.2345', '0.2438'),
(190829, 'Nova NHC-6321', 'Nova', 'Electric Shaver', 'a', 'a', 'a', '1.2', '1.2', 'pcs', 1, '0.2345', '0.2438'),
(190836, 'Nova NHC-3788', 'Nova', 'Electric Shaver', 'a', 'a', 'a', '1.2', '1.2', 'pcs', 1, '0.2345', '0.2438'),
(190838, 'Purplle Tape', 'Purplle', 'Skin Care', 'a', 'a', 'a', '1.2', '1.2', 'pcs', 1, '0.2345', '0.2438'),
(196253, 'Elite Reward 1', 'Elite99', 'Gift and Value Sets', 'a', 'a', 'a', '1.2', '1.2', 'pcs', 1, '0.2345', '0.2438'),
(196776, 'NOTE BB CREAM 03', 'Note', 'Foundation', 'a', 'a', 'a', '1.2', '1.2', 'pcs', 1, '0.2345', '0.2438'),
(201492, 'Elite Reward 2', 'Elite99', 'Gift and Value Sets', 'a', 'a', 'a', '1.2', '1.2', 'pcs', 1, '0.2345', '0.2438'),
(201494, 'Cocomo Handwash', 'Cocomo', 'Hand Wash & Soaps', 'a', 'a', 'a', '1.2', '1.2', 'pcs', 1, '0.2345', '0.2438'),
(202888, 'Split Ender Pro', 'Split Ender', 'Electric Shaver', 'a', 'a', 'a', '1.2', '1.2', 'pcs', 1, '0.2345', '0.2438'),
(202891, 'Bio-Oil (60 ml)', 'Bio Oil', 'Body Treatment', 'a', 'a', 'a', '1.2', '1.2', 'pcs', 1, '0.2345', '0.2438'),
(203501, 'Avon Kid', 'Avon', 'Shower Gel & Soap', 'a', 'a', 'a', '1.2', '1.2', 'pcs', 1, '0.2345', '0.2438'),
(207486, 'Nova RF-404', 'Nova', 'Electric Shaver', 'a', 'a', 'a', '1.2', '1.2', 'pcs', 1, '0.2345', '0.2438'),
(213942, 'Sunglass', 'Nivea', 'Body Lotions & Moisturizers', 'a', 'a', 'a', '1.2', '1.2', 'pcs', 1, '0.2345', '0.2438'),
(223031, 'Natio Brow Kit', 'Natio', 'Eyebrow Enhancer', 'a', 'a', 'a', '1.2', '1.2', 'pcs', 1, '0.2345', '0.2438');

-- --------------------------------------------------------

--
-- Table structure for table `migrations`
--

CREATE TABLE `migrations` (
  `id` tinyint(3) UNSIGNED DEFAULT NULL,
  `version` varchar(17) DEFAULT NULL,
  `class` varchar(46) DEFAULT NULL,
  `mg_group` varchar(7) DEFAULT NULL,
  `namespace` varchar(9) DEFAULT NULL,
  `time` bigint(20) DEFAULT NULL,
  `batch` tinyint(3) UNSIGNED DEFAULT NULL
) ENGINE=InnoDB DEFAULT CHARSET=utf8mb4;

--
-- Dumping data for table `migrations`
--

INSERT INTO `migrations` (`id`, `version`, `class`, `mg_group`, `namespace`, `time`, `batch`) VALUES
(1, '2017-11-20-223112', 'MythAuthDatabaseMigrationsCreateAuthTables', 'default', 'MythAuth', 1626630094, 1);

-- --------------------------------------------------------

--
-- Table structure for table `pe_param`
--

CREATE TABLE `pe_param` (
  `location_id` bigint(20) NOT NULL,
  `ean_id` int(11) NOT NULL,
  `min_price` double NOT NULL,
  `med_price` double NOT NULL,
  `max_price` double NOT NULL,
  `min_vol` double NOT NULL,
  `med_vol` double NOT NULL,
  `max_vol` double NOT NULL,
  `a_val` double NOT NULL,
  `b_val` double NOT NULL,
  `c_val` double NOT NULL,
  `min_p` double NOT NULL,
  `max_p` double NOT NULL
) ENGINE=InnoDB DEFAULT CHARSET=utf8mb4;

--
-- Dumping data for table `pe_param`
--

INSERT INTO `pe_param` (`location_id`, `ean_id`, `min_price`, `med_price`, `max_price`, `min_vol`, `med_vol`, `max_vol`, `a_val`, `b_val`, `c_val`, `min_p`, `max_p`) VALUES
(2000, 130298, 84, 1, 117, 224, 95, 67, 0.006084, -2.07135, 226.065, 0, 170),
(4000, 130302, 85, 1, 119, 150, 123, 111, -0.000267, -0.298462, 150.299, 0, 376),
(3000, 131256, 90, 4, 130, 546, 283, 126, -0.00688, -2.41143, 555.756, 0, 158),
(4000, 133767, 69, 2, 111, 45, 14, 4, 0.00206, -0.60898, 46.2097, 0, 148),
(5000, 143699, 85, 3, 112, 3453, 3189, 2395, -0.240256, 17.923, 3401.39, 37, 161),
(4000, 145994, 227, 18, 318, 518, 307, 161, -0.001983, -0.523795, 528.071, 0, 400),
(4000, 145997, 222, 5, 317, 450, 156, 121, 0.003162, -2.07252, 460.284, 0, 328),
(4000, 146001, 216, 10, 309, 326, 225, 154, -0.000914, -0.28383, 328.93, 0, 464),
(6000, 146007, 211, 17, 306, 255, 215, 112, -0.003038, 0.486512, 247.607, 80, 376),
(6000, 146276, 102, 2, 160, 914, 150, 85, 0.041261, -11.9312, 937.697, 0, 145),
(2000, 147122, 130, 4, 206, 199, 37, 22, 0.005388, -2.00769, 206.945, 0, 186),
(4000, 147864, 36, 1, 50, 1164, 652, 131, -0.460933, 2.42595, 1162.04, 3, 52),
(1000, 149456, 91, 10, 130, 200, 182, 57, -0.024858, 2.28839, 179.602, 46, 142),
(5000, 153896, 151, 10, 203, 383, 348, 153, -0.018144, 2.67294, 358.085, 74, 232),
(4000, 154374, 107, 14, 154, 607, 234, 162, 0.017706, -6.15318, 689.674, 0, 174),
(4000, 154375, 100, 25, 151, 567, 416, 198, -0.017946, 0.229897, 572.469, 6, 185),
(3000, 154377, 102, 22, 151, 555, 480, 213, -0.034973, 3.39912, 497.146, 49, 177),
(2000, 154690, 98, 2, 170, 399, 168, 40, 0.003741, -2.78034, 404.546, 0, 198),
(2000, 155855, 74, 5, 99, 861, 421, 326, 0.027413, -8.54243, 903.027, 0, 156),
(1000, 155856, 70, 2, 96, 312, 254, 188, -0.017931, 0.438096, 311.196, 12, 144),
(5000, 155866, 83, 7, 118, 405, 263, 194, -0.000928, -1.7849, 417.54, 0, 210),
(1000, 155871, 86, 2, 117, 436, 381, 234, -0.035541, 2.47281, 431.197, 35, 150),
(3000, 155876, 83, 7, 116, 259, 206, 150, -0.009171, 0.12799, 258.553, 7, 175),
(3000, 155889, 79, 1, 121, 1057, 150, 83, 0.083608, -18.3169, 1075.23, 0, 110),
(4000, 155891, 81, 1, 115, 264, 114, 81, 0.007933, -2.52554, 266.518, 0, 159),
(5000, 155895, 101, 9, 137, 152, 142, 127, -0.002406, 0.155967, 150.791, 32, 284),
(5000, 155898, 96, 2, 135, 180, 100, 88, 0.004085, -1.25144, 182.487, 0, 153),
(3000, 156130, 83, 5, 118, 723, 249, 155, 0.030011, -8.71786, 765.839, 0, 145),
(2000, 156311, 80, 3, 113, 1549, 966, 288, -0.117946, 2.21806, 1543.41, 9, 124),
(3000, 156318, 79, 5, 117, 1752, 812, 353, 0.005569, -13.1705, 1817.71, 0, 147),
(4000, 156400, 106, 2, 148, 4478, 1196, 1101, 0.200656, -53.2285, 4583.65, 0, 133),
(3000, 156826, 188, 12, 264, 3181, 827, 286, 0.024828, -18.3405, 3397.51, 0, 369),
(2000, 156828, 185, 22, 259, 1768, 1366, 764, -0.023919, 2.48504, 1724.91, 52, 325),
(6000, 156915, 83, 2, 118, 386, 221, 116, -0.008301, -1.33142, 388.696, 0, 150),
(5000, 156916, 79, 14, 117, 774, 376, 356, 0.054337, -11.1765, 919.82, 0, 103),
(1000, 156931, 171, 2, 223, 445, 263, 249, 0.003655, -1.70919, 448.404, 0, 234),
(3000, 157624, 505, 186, 762, 278, 178, 113, 0.000105, -0.386132, 346.183, 0, 1554),
(5000, 158609, 104, 18, 148, 513, 238, 195, 0.01708, -5.28144, 602.532, 0, 155),
(5000, 158978, 104, 4, 164, 472, 245, 192, 0.008667, -3.206, 484.685, 0, 185),
(5000, 164278, 124, 5, 175, 723, 545, 335, -0.015423, 0.493722, 720.917, 16, 232),
(5000, 164282, 116, 11, 172, 303, 105, 104, 0.011602, -3.35912, 338.547, 0, 145),
(6000, 164284, 123, 5, 176, 404, 135, 68, 0.005939, -3.03981, 419.051, 0, 256),
(4000, 164285, 117, 11, 171, 533, 278, 247, 0.011447, -3.87093, 574.195, 0, 169),
(5000, 164290, 123, 5, 172, 433, 120, 113, 0.015028, -4.57613, 455.505, 0, 152),
(5000, 165379, 105, 6, 156, 890, 189, 132, 0.039754, -11.4935, 957.53, 0, 145),
(2000, 165380, 99, 2, 154, 430, 130, 80, 0.014366, -4.54379, 439.03, 0, 158),
(5000, 165381, 103, 3, 156, 596, 90, 39, 0.026783, -7.89895, 619.456, 0, 147),
(2000, 165382, 104, 3, 155, 639, 98, 62, 0.030596, -8.63018, 664.615, 0, 141),
(4000, 165383, 107, 2, 151, 781, 108, 46, 0.03356, -10.0676, 801.001, 0, 150),
(5000, 165384, 104, 1, 158, 1073, 77, 44, 0.057699, -15.7283, 1088.67, 0, 136),
(3000, 165385, 101, 1, 156, 1078, 62, 28, 0.06156, -16.4391, 1094.38, 0, 126),
(3000, 165386, 105, 3, 157, 685, 145, 72, 0.025261, -8.02236, 708.84, 0, 159),
(4000, 165387, 105, 1, 156, 797, 105, 44, 0.035211, -10.3863, 807.351, 0, 147),
(3000, 165388, 104, 2, 153, 997, 62, 32, 0.056652, -15.1718, 1027.12, 0, 134),
(1000, 165389, 105, 1, 162, 1101, 59, 24, 0.058417, -16.2115, 1117.15, 0, 127),
(1000, 165390, 101, 1, 147, 1213, 24, 22, 0.081141, -20.1663, 1233.09, 0, 108),
(2000, 165391, 98, 1, 154, 1138, 45, 27, 0.071546, -18.3511, 1156.28, 0, 111),
(1000, 165392, 104, 1, 155, 1257, 75, 30, 0.068788, -18.6985, 1275.63, 0, 136),
(4000, 165393, 101, 2, 156, 1021, 83, 51, 0.057746, -15.4226, 1051.61, 0, 134),
(4000, 165395, 101, 4, 158, 536, 163, 67, 0.014033, -5.31887, 557.051, 0, 190),
(2000, 165396, 109, 4, 153, 710, 208, 134, 0.0208, -7.1313, 738.192, 0, 171),
(2000, 165398, 101, 2, 151, 578, 94, 40, 0.025563, -7.52188, 592.942, 0, 147),
(1000, 167382, 166, 12, 269, 261, 243, 98, -0.005023, 0.777192, 252.397, 77, 314),
(2000, 169986, 68, 10, 97, 609, 524, 319, -0.064408, 3.55826, 579.858, 28, 126),
(6000, 169987, 72, 6, 95, 776, 484, 425, 0.020888, -6.0535, 811.569, 0, 145),
(1000, 170000, 65, 3, 97, 691, 281, 85, 0.00519, -6.96585, 711.851, 0, 111),
(6000, 170184, 80, 3, 113, 2072, 1588, 518, -0.237623, 13.437, 2033.83, 28, 125),
(1000, 170196, 77, 1, 110, 1995, 819, 436, 0.035483, -18.2413, 2013.21, 0, 160),
(2000, 170197, 79, 1, 112, 2627, 679, 162, 0.083853, -31.6826, 2658.6, 0, 125),
(5000, 170326, 276, 6, 417, 672, 75, 35, 0.00469, -3.53358, 693.033, 0, 377),
(3000, 170328, 286, 4, 417, 218, 47, 42, 0.001376, -1.00537, 221.999, 0, 365),
(4000, 170368, 184, 29, 243, 1614, 905, 813, 0.014088, -7.57498, 1821.83, 0, 269),
(4000, 170705, 202, 2, 281, 2982, 165, 47, 0.04513, -23.2916, 3028.4, 0, 258),
(4000, 170706, 197, 5, 307, 1087, 91, 46, 0.015822, -8.38365, 1128.52, 0, 265),
(5000, 170707, 201, 8, 286, 803, 329, 164, 0.001852, -2.84297, 825.625, 0, 388),
(3000, 170708, 195, 4, 281, 2335, 167, 82, 0.037409, -18.7953, 2409.58, 0, 251),
(1000, 170929, 54, 4, 87, 70, 30, 26, 0.008178, -1.27433, 74.9665, 0, 78),
(1000, 170933, 55, 4, 90, 140, 39, 18, 0.016051, -2.92741, 151.453, 0, 91),
(5000, 170937, 57, 7, 94, 148, 23, 14, 0.02594, -4.16014, 175.85, 0, 80),
(5000, 170947, 51, 5, 82, 53, 46, 31, -0.004308, 0.08906, 52.6624, 10, 121),
(5000, 171125, 134, 1, 193, 3318, 146, 103, 0.120421, -40.1064, 3357.99, 0, 167),
(3000, 171128, 97, 7, 133, 2559, 1159, 673, 0.016314, -17.2522, 2678.97, 0, 189),
(2000, 171136, 89, 7, 124, 2121, 1117, 383, -0.074594, -5.08286, 2160.24, 0, 139),
(2000, 171143, 91, 12, 132, 2264, 926, 183, -0.009877, -15.9194, 2456.45, 0, 141),
(2000, 171199, 97, 8, 152, 530, 409, 104, -0.029069, 1.69267, 518.319, 29, 165),
(1000, 171200, 103, 5, 146, 629, 324, 131, -0.00976, -2.05819, 639.535, 0, 171),
(1000, 172620, 46, 2, 66, 668, 172, 111, 0.12848, -17.4398, 702.366, 0, 68),
(2000, 172623, 43, 3, 66, 377, 330, 172, -0.09039, 2.98294, 368.865, 17, 82),
(2000, 172626, 47, 4, 67, 524, 344, 309, 0.038667, -6.15808, 548.014, 0, 80),
(4000, 173466, 101, 24, 153, 696, 299, 116, 0.012687, -6.74171, 850.493, 0, 206),
(4000, 173471, 100, 8, 155, 600, 352, 98, -0.013078, -1.28318, 611.102, 0, 172),
(2000, 173472, 103, 15, 156, 1119, 294, 99, 0.040395, -14.1417, 1322.04, 0, 175),
(1000, 173474, 106, 18, 155, 444, 187, 147, 0.015359, -4.82492, 525.872, 0, 157),
(2000, 173476, 102, 13, 156, 539, 192, 135, 0.019883, -6.18546, 616.051, 0, 156),
(3000, 173478, 105, 4, 145, 855, 215, 123, 0.028629, -9.45715, 892.371, 0, 165),
(3000, 173480, 103, 10, 148, 869, 276, 123, 0.021568, -8.8135, 954.978, 0, 204),
(3000, 173482, 103, 5, 148, 903, 194, 47, 0.027748, -10.2315, 953.464, 0, 184),
(3000, 173649, 61, 7, 98, 1238, 810, 384, -0.039424, -5.24509, 1276.65, 0, 125),
(6000, 173657, 122, 21, 175, 289, 228, 218, 0.002697, -0.989579, 308.592, 0, 183),
(3000, 173658, 117, 5, 164, 239, 223, 143, -0.009807, 1.05356, 233.977, 54, 217),
(2000, 173659, 120, 1, 181, 916, 90, 72, 0.036923, -11.4088, 927.372, 0, 154),
(4000, 173660, 120, 1, 174, 1124, 45, 29, 0.050699, -15.2018, 1139.15, 0, 147),
(5000, 173662, 119, 8, 172, 447, 337, 248, -0.004197, -0.458014, 450.933, 0, 277),
(3000, 173663, 120, 8, 172, 666, 234, 143, 0.012848, -5.50174, 709.192, 0, 214),
(1000, 173664, 115, 6, 166, 799, 241, 126, 0.017902, -7.28544, 842.068, 0, 203),
(4000, 173666, 119, 8, 175, 509, 188, 94, 0.007265, -3.8146, 539.052, 0, 263),
(3000, 173667, 113, 8, 170, 1074, 155, 71, 0.04493, -14.1889, 1184.64, 0, 158),
(5000, 174093, 126, 5, 170, 3442, 1437, 1174, 0.0642, -24.9804, 3565.3, 0, 195),
(2000, 174094, 125, 4, 172, 2990, 703, 551, 0.093255, -30.9307, 3112.23, 0, 166),
(1000, 174201, 129, 2, 168, 1192, 768, 763, 0.01934, -5.87207, 1203.67, 0, 152),
(6000, 174250, 971, 485, 2000, 35, 2, 1, 0.000044, -0.132224, 88.737, 0, 1016),
(4000, 175151, 144, 5, 211, 927, 194, 47, 0.014948, -7.50068, 964.13, 0, 251),
(5000, 175266, 46, 1, 88, 278, 13, 9, 0.066594, -9.01879, 286.952, 0, 51),
(1000, 175272, 92, 3, 176, 178, 13, 9, 0.010441, -2.84584, 186.444, 0, 109),
(6000, 175286, 69, 2, 130, 262, 13, 8, 0.028394, -5.7324, 273.351, 0, 77),
(5000, 176001, 101, 2, 132, 226, 173, 142, -0.003574, -0.167211, 226.349, 0, 229),
(1000, 176889, 193, 16, 280, 485, 252, 111, -0.001153, -1.07548, 502.503, 0, 341),
(2000, 176896, 194, 10, 286, 543, 111, 49, 0.006065, -3.58507, 578.244, 0, 296),
(3000, 176898, 193, 6, 263, 768, 45, 30, 0.01421, -6.69414, 807.653, 0, 236),
(5000, 176900, 203, 10, 281, 676, 137, 68, 0.007041, -4.29249, 718.221, 0, 305),
(2000, 177997, 113, 15, 149, 413, 364, 257, -0.018449, 1.86153, 389.228, 50, 204),
(4000, 177999, 111, 5, 148, 957, 263, 228, 0.039169, -11.0908, 1011.47, 0, 142),
(5000, 178380, 136, 5, 191, 4493, 1281, 596, 0.064863, -33.6648, 4659.7, 0, 260),
(4000, 178528, 99, 3, 128, 2528, 990, 850, 0.089546, -25.1545, 2602.66, 0, 140),
(6000, 178573, 47, 2, 68, 403, 192, 124, 0.021982, -5.76599, 414.444, 0, 131),
(5000, 178588, 52, 1, 69, 1105, 139, 102, 0.24654, -32.0078, 1136.76, 0, 65),
(3000, 178590, 161, 4, 214, 256, 36, 30, 0.006134, -2.41333, 265.555, 0, 197),
(1000, 178596, 51, 1, 66, 541, 206, 194, 0.090769, -11.42, 552.329, 0, 63),
(6000, 178617, 84, 2, 114, 401, 39, 25, 0.03525, -7.44611, 415.751, 0, 106),
(1000, 178618, 64, 3, 100, 520, 94, 70, 0.065123, -11.3469, 553.454, 0, 87),
(5000, 178633, 172, 26, 243, 639, 367, 229, -0.000372, -1.78943, 685.776, 0, 356),
(2000, 178635, 172, 11, 248, 751, 204, 113, 0.009283, -5.09636, 805.937, 0, 274),
(6000, 178636, 163, 6, 229, 873, 129, 75, 0.017581, -7.71012, 918.628, 0, 219),
(2000, 178638, 167, 4, 250, 863, 123, 52, 0.014977, -7.10102, 891.164, 0, 237),
(5000, 178639, 183, 20, 249, 712, 156, 110, 0.011852, -5.81697, 823.599, 0, 245),
(4000, 180167, 138, 28, 190, 487, 301, 299, 0.0102, -3.38416, 573.759, 0, 166),
(3000, 180168, 133, 15, 189, 2638, 268, 254, 0.113993, -36.9557, 3166.69, 0, 162),
(6000, 180169, 140, 6, 187, 1558, 474, 416, 0.037876, -13.6194, 1638.35, 0, 180),
(2000, 180171, 142, 10, 187, 1966, 957, 667, 0.006777, -8.67401, 2052.06, 0, 313),
(3000, 180173, 129, 4, 173, 822, 784, 778, 0.000992, -0.435927, 823.728, 0, 220),
(4000, 180174, 128, 1, 172, 1633, 325, 264, 0.052122, -17.0229, 1649.97, 0, 163),
(1000, 180177, 127, 1, 173, 1642, 574, 361, 0.022359, -11.3381, 1653.32, 0, 254),
(2000, 180245, 93, 10, 149, 826, 328, 213, 0.028392, -8.92433, 912.404, 0, 157),
(6000, 181217, 163, 1, 209, 1216, 497, 468, 0.018307, -7.4406, 1223.42, 0, 203),
(5000, 181336, 43, 1, 58, 751, 292, 133, 0.005764, -11.1822, 762.176, 0, 70),
(1000, 181337, 43, 1, 58, 1317, 419, 396, 0.348204, -36.7019, 1353.35, 0, 53),
(2000, 181345, 42, 1, 58, 1055, 63, 60, 0.421186, -42.3061, 1096.89, 0, 50),
(4000, 181351, 42, 1, 57, 240, 184, 180, 0.019628, -2.20987, 242.19, 0, 56),
(4000, 181388, 48, 4, 65, 127, 100, 66, -0.022727, 0.568182, 125.091, 13, 87),
(5000, 182732, 238, 1, 348, 1723, 106, 69, 0.018693, -11.2904, 1734.27, 0, 302),
(1000, 182734, 237, 11, 347, 256, 158, 94, -0.000441, -0.32425, 259.62, 0, 483),
(1000, 183672, 145, 95, 234, 716, 488, 28, -0.004378, -3.50928, 1088.89, 0, 239),
(2000, 183673, 154, 96, 264, 346, 173, 8, 0.008826, -5.18924, 762.828, 0, 294),
(3000, 183867, 84, 7, 112, 869, 638, 460, -0.031973, -0.090476, 871.2, 0, 163),
(3000, 184371, 576, 37, 851, 36, 22, 13, -0.000008, -0.020888, 36.7842, 0, 1194),
(3000, 184484, 112, 4, 145, 1703, 844, 620, 0.008268, -8.91282, 1738.52, 0, 255),
(6000, 184489, 125, 10, 166, 1840, 644, 459, 0.037742, -15.4952, 1991.18, 0, 205),
(6000, 184821, 57, 4, 78, 535, 250, 209, 0.046283, -8.20065, 567.062, 0, 89),
(4000, 184830, 55, 1, 75, 273, 128, 124, 0.033584, -4.56587, 277.532, 0, 68),
(3000, 184842, 56, 5, 78, 143, 106, 73, -0.01061, -0.078297, 143.657, 0, 112),
(3000, 184861, 80, 1, 112, 99, 60, 48, 0.001069, -0.580269, 99.5792, 0, 271),
(1000, 184870, 86, 1, 114, 82, 36, 21, 0.000048, -0.545382, 82.5453, 0, 153),
(2000, 184871, 56, 4, 77, 358, 119, 81, 0.038173, -6.88653, 384.935, 0, 90),
(4000, 184906, 178, 4, 250, 861, 158, 68, 0.011342, -6.10455, 885.237, 0, 269),
(2000, 184907, 183, 5, 260, 727, 169, 93, 0.008423, -4.71832, 750.381, 0, 280),
(2000, 184908, 177, 7, 249, 490, 378, 292, -0.002213, -0.251575, 491.869, 0, 417),
(2000, 184909, 182, 2, 250, 562, 217, 90, 0.000198, -1.95304, 565.905, 0, 298),
(1000, 184912, 177, 1, 254, 339, 282, 119, -0.007087, 0.937628, 338.069, 66, 294),
(5000, 184913, 50, 10, 77, 443, 195, 127, 0.054948, -9.49685, 532.474, 0, 86),
(5000, 184914, 75, 5, 140, 609, 50, 1, 0.053569, -12.2713, 669.017, 0, 89),
(1000, 184915, 98, 2, 161, 613, 35, 14, 0.03577, -9.59788, 632.053, 0, 116),
(3000, 184916, 99, 3, 156, 665, 26, 6, 0.041212, -10.8598, 697.209, 0, 110),
(5000, 184917, 163, 3, 309, 560, 10, 3, 0.011077, -5.27628, 575.729, 0, 169),
(5000, 184918, 139, 12, 183, 565, 43, 32, 0.022575, -7.51898, 651.977, 0, 167),
(2000, 184919, 158, 2, 257, 519, 20, 7, 0.012029, -5.12336, 529.199, 0, 176),
(5000, 184920, 164, 2, 298, 592, 22, 1, 0.011357, -5.40385, 602.762, 0, 178),
(4000, 184921, 99, 1, 140, 708, 17, 6, 0.048797, -11.9307, 719.882, 0, 108),
(6000, 184923, 179, 19, 277, 575, 109, 33, 0.008283, -4.55252, 658.508, 0, 275),
(2000, 186367, 38, 1, 73, 382, 8, 7, 0.139994, -15.5679, 397.428, 0, 39),
(5000, 186443, 75, 1, 101, 5279, 952, 355, 0.355114, -85.4617, 5364.11, 0, 120),
(3000, 186477, 77, 2, 102, 349, 321, 231, -0.032267, 2.17573, 344.778, 34, 142),
(1000, 186512, 50, 1, 66, 838, 392, 280, 0.032339, -10.7513, 848.719, 0, 128),
(3000, 186514, 49, 2, 65, 251, 164, 153, 0.018469, -2.793, 256.512, 0, 76),
(1000, 186750, 50, 2, 74, 223, 99, 96, 0.034144, -4.3588, 231.581, 0, 64),
(5000, 186751, 52, 3, 71, 201, 115, 111, 0.022714, -3.00439, 209.809, 0, 66),
(1000, 186755, 52, 2, 72, 223, 123, 114, 0.022143, -3.19571, 229.303, 0, 72),
(6000, 186758, 50, 2, 74, 286, 50, 32, 0.05787, -7.92593, 301.62, 0, 68),
(3000, 186932, 149, 7, 213, 1360, 180, 135, 0.036926, -14.0703, 1456.68, 0, 191),
(3000, 186942, 95, 7, 145, 855, 378, 165, 0.008409, -6.27818, 898.535, 0, 193),
(1000, 186944, 101, 22, 142, 613, 587, 327, -0.050103, 5.83354, 508.912, 58, 174),
(4000, 186949, 97, 3, 148, 1339, 201, 92, 0.068753, -18.9816, 1395.33, 0, 138),
(3000, 186952, 94, 14, 143, 711, 521, 204, -0.031739, 1.05286, 702.481, 17, 166),
(4000, 187013, 82, 6, 126, 68, 57, 54, 0.000638, -0.200877, 69.1823, 0, 157),
(4000, 187015, 50, 1, 71, 353, 243, 134, -0.04208, -0.098834, 353.141, 0, 90),
(1000, 187016, 50, 3, 72, 273, 133, 107, 0.026042, -4.35895, 285.842, 0, 84),
(4000, 187017, 51, 2, 74, 202, 46, 39, 0.039991, -5.30318, 212.446, 0, 66),
(5000, 187021, 42, 5, 58, 1203, 604, 527, 0.214655, -26.278, 1329.02, 0, 61),
(1000, 187025, 43, 2, 59, 1350, 424, 311, 0.272331, -34.8403, 1418.59, 0, 64),
(4000, 187027, 43, 5, 58, 622, 367, 362, 0.120324, -12.4861, 681.422, 0, 52),
(5000, 187028, 42, 1, 57, 1372, 250, 175, 0.39939, -44.5396, 1416.14, 0, 56),
(2000, 187030, 48, 2, 70, 258, 162, 112, -0.002732, -1.95036, 261.912, 0, 115),
(2000, 187031, 52, 3, 71, 175, 142, 112, -0.013316, 0.058903, 174.943, 2, 116),
(3000, 187255, 51, 3, 71, 214, 170, 157, 0.003922, -1.12843, 217.35, 0, 144),
(3000, 187266, 50, 2, 73, 222, 130, 110, 0.014748, -2.68356, 227.308, 0, 91),
(4000, 187269, 51, 2, 71, 311, 295, 240, -0.035123, 1.53497, 308.071, 22, 118),
(6000, 188278, 39, 2, 61, 743, 198, 106, 0.178778, -22.0596, 786.404, 0, 62),
(4000, 188279, 42, 1, 59, 1007, 62, 54, 0.389279, -39.7878, 1046.4, 0, 51),
(6000, 188280, 41, 1, 60, 887, 97, 59, 0.300847, -32.3856, 919.085, 0, 54),
(1000, 188281, 42, 3, 60, 1032, 391, 273, 0.173339, -24.2362, 1103.15, 0, 70),
(1000, 188282, 40, 3, 61, 762, 153, 140, 0.273111, -28.2032, 844.152, 0, 52),
(1000, 188284, 39, 2, 59, 760, 153, 122, 0.260621, -27.0909, 813.139, 0, 52),
(3000, 188285, 41, 6, 59, 905, 650, 514, -0.005091, -7.04642, 947.462, 0, 123),
(1000, 188339, 44, 3, 60, 289, 90, 87, 0.081862, -8.70119, 314.367, 0, 53),
(2000, 188376, 41, 6, 59, 294, 289, 195, -0.095837, 4.36149, 271.281, 23, 80),
(3000, 188392, 399, 312, 1299, 8, 4, 1, 0.000043, -0.076696, 27.7234, 0, 505),
(6000, 188413, 180, 7, 293, 472, 60, 30, 0.007399, -3.76505, 497.993, 0, 254),
(3000, 188417, 200, 3, 298, 816, 39, 31, 0.013093, -6.60211, 835.688, 0, 252),
(5000, 188778, 83, 1, 249, 4055, 6, 2, 0.199008, -66.0947, 4120.9, 0, 83),
(5000, 190811, 67, 3, 96, 289, 209, 191, 0.006767, -1.72367, 294.11, 0, 127),
(4000, 190812, 65, 2, 98, 157, 132, 105, -0.004389, -0.102754, 157.223, 0, 177),
(3000, 190816, 63, 2, 98, 133, 87, 70, 0.002796, -0.935817, 134.86, 0, 167),
(4000, 190824, 61, 10, 91, 307, 247, 195, -0.006875, -0.688356, 314.571, 0, 169),
(1000, 190828, 73, 1, 114, 205, 21, 20, 0.0224, -4.21313, 209.191, 0, 94),
(2000, 190829, 73, 1, 114, 297, 88, 75, 0.022882, -4.59607, 301.573, 0, 100),
(4000, 190836, 70, 2, 107, 247, 176, 116, -0.0055, -0.648115, 248.318, 0, 161),
(1000, 190838, 73, 4, 106, 250, 172, 164, 0.008706, -1.8008, 257.064, 0, 103),
(2000, 196253, 182, 1, 264, 176, 35, 33, 0.002869, -1.30408, 177.301, 0, 227),
(1000, 196776, 897, 321, 2325, 177, 44, 1, 0.0001, -0.35294, 279.97, 0, 1206),
(2000, 201492, 58, 7, 102, 101, 43, 21, 0.006708, -1.57327, 111.684, 0, 117),
(5000, 201494, 58, 6, 102, 43, 34, 21, -0.001275, -0.091492, 43.5948, 0, 152),
(2000, 202888, 154, 5, 214, 250, 66, 64, 0.005749, -2.14901, 260.601, 0, 187),
(3000, 202891, 157, 15, 230, 78, 51, 42, 0.000311, -0.243623, 81.5844, 0, 392),
(1000, 203501, 62, 15, 121, 11483, 3413, 3242, 1.59249, -294.324, 15539.5, 0, 92),
(5000, 207486, 131, 4, 164, 332, 227, 225, 0.004789, -1.47322, 337.816, 0, 154),
(4000, 213942, 137, 3, 185, 9937, 434, 125, 0.354288, -120.518, 10295.4, 0, 170),
(1000, 223031, 96, 2, 206, 287, 32, 12, 0.012407, -3.92861, 294.808, 0, 122);

-- --------------------------------------------------------

--
-- Table structure for table `store_company`
--

CREATE TABLE `store_company` (
  `company_id` bigint(20) NOT NULL,
  `store_id` tinyint(3) UNSIGNED DEFAULT NULL,
  `store_name` varchar(50) DEFAULT NULL,
  `address` varchar(15) DEFAULT NULL,
  `pin_code` int(11) DEFAULT NULL,
  `full_address` longtext DEFAULT NULL,
  `phone_number` varchar(14) DEFAULT NULL,
  `email_id` varchar(29) DEFAULT NULL,
  `gst_tin` varchar(12) DEFAULT NULL,
  `logo` varchar(50) DEFAULT NULL,
  `logo_sm` varchar(50) DEFAULT NULL,
  `banner` varchar(50) DEFAULT NULL,
  `check_terms` longtext DEFAULT NULL,
  `about_us` longtext DEFAULT NULL
) ENGINE=InnoDB DEFAULT CHARSET=utf8mb4;

--
-- Dumping data for table `store_company`
--

INSERT INTO `store_company` (`company_id`, `store_id`, `store_name`, `address`, `pin_code`, `full_address`, `phone_number`, `email_id`, `gst_tin`, `logo`, `logo_sm`, `banner`, `check_terms`, `about_us`) VALUES
(1, 1, 'Hitech Billing Software', 'Nagpur MH-India', 441107, 'Block # 103, 1st floor, Balaji Sanyog Apartment, Besa Rd, opp. Petrol Pump, Besa,\r\n                                    Nagpur, Maharashtra 440037', '+91-8569542359', ' info@billingsoftwareindia.in', '27AGHY500MJU', 'logo.png', 'logo-sm.png', 'banner.jpg', '', 'Founded on the principal that good design should be seamless and accessible to all; Studio\r\n                            Proper creates an evolving\r\n                            range of solutions and assessorries that deliver great technology experiences, right to your\r\n                            doorstep.');

-- --------------------------------------------------------

--
-- Table structure for table `store_item_register`
--

CREATE TABLE `store_item_register` (
  `item_id` bigint(20) NOT NULL,
  `store_id` bigint(20) DEFAULT NULL,
  `category` varchar(20) DEFAULT NULL,
  `item_code` varchar(20) DEFAULT NULL,
  `item_name` varchar(50) DEFAULT NULL,
  `store_item_name` varchar(50) DEFAULT NULL,
  `unit` int(11) DEFAULT NULL,
  `sale_price` double DEFAULT NULL,
  `mrp` double DEFAULT NULL,
  `hot_deal` double DEFAULT NULL,
  `out_of_stock` tinyint(3) UNSIGNED DEFAULT NULL,
  `enabled` tinyint(3) UNSIGNED DEFAULT NULL,
  `deleted` tinyint(3) UNSIGNED DEFAULT NULL,
  `description` longtext DEFAULT NULL,
  `item_image` varchar(50) DEFAULT NULL
) ENGINE=InnoDB DEFAULT CHARSET=utf8mb4;

--
-- Dumping data for table `store_item_register`
--

INSERT INTO `store_item_register` (`item_id`, `store_id`, `category`, `item_code`, `item_name`, `store_item_name`, `unit`, `sale_price`, `mrp`, `hot_deal`, `out_of_stock`, `enabled`, `deleted`, `description`, `item_image`) VALUES
(1, 1, 'Billing Software', 'G45896', 'GST Billing', 'GST Billing', 10, 3000, 4235, 15, 1, 1, 0, 'Lorem ipsum dolor sit amet, consectetur adipisicing elit. Aperiam deleniti fugit incidunt, iste, itaque minima neque pariatur perferendis sed suscipit velit vitae voluptatem.', 'fortune-pos-billing.png'),
(2, 1, 'Billing Software', 'G45890', 'GST Billing', 'GST Billing', 20, 3000, 4500, 13, 0, 1, 0, 'Testing', 'Change-your-business.png'),
(3, 1, 'Billing Software', 'G45679', 'GST Billing', 'GST Billing', 24, 3200, 4700, 12, 0, 1, 0, 'Testing', 'off-billing.png'),
(4, 1, 'Billing Software', 'G45679', 'GST Billing', 'GST Billing', 24, 3200, 4700, 7, 0, 1, 0, 'Testing', 'off-billing.png'),
(5, 1, 'Billing Software', 'G45679', 'GST Billing', 'GST Billing', 24, 3200, 4700, 6, 0, 1, 0, 'Testing', 'off-billing.png'),
(6, 1, 'Billing Software', 'G45679', 'GST Billing', 'GST Billing', 24, 3200, 4700, 5, 0, 1, 0, 'Testing', 'off-billing.png'),
(7, 1, 'Billing Software', 'G45679', 'GST Billing', 'GST Billing', 24, 3200, 4700, 10, 0, 1, 0, 'Testing', 'off-billing.png'),
(8, 1, 'Billing Software', 'G45679', 'GST Billing', 'GST Billing', 24, 3200, 4700, 10, 0, 1, 0, 'Testing', 'off-billing.png'),
(9, 1, 'Billing Software', 'G67883', 'GST Billing', 'GST Billing', 23, 3100, 4100, 20, 0, 1, 0, 'Testing', 'dummy-product.jpg');

-- --------------------------------------------------------

--
-- Table structure for table `store_register`
--

CREATE TABLE `store_register` (
  `store_id` bigint(20) NOT NULL,
  `store_username` varchar(10) DEFAULT NULL,
  `store_status` varchar(10) DEFAULT NULL
) ENGINE=InnoDB DEFAULT CHARSET=utf8mb4;

--
-- Dumping data for table `store_register`
--

INSERT INTO `store_register` (`store_id`, `store_username`, `store_status`) VALUES
(1, 'hitech', 'active');

-- --------------------------------------------------------

--
-- Table structure for table `store_seo_media`
--

CREATE TABLE `store_seo_media` (
  `store_media_id` bigint(20) DEFAULT NULL,
  `store_id` bigint(20) DEFAULT NULL,
  `fb_link` longtext DEFAULT NULL,
  `instal_link` longtext DEFAULT NULL,
  `youtube_link` longtext DEFAULT NULL,
  `twitter_link` longtext DEFAULT NULL,
  `pinterest_link` longtext DEFAULT NULL,
  `seo_title` varchar(50) DEFAULT NULL,
  `seo_description` varchar(200) DEFAULT NULL,
  `seo_keywords` varchar(50) DEFAULT NULL
) ENGINE=InnoDB DEFAULT CHARSET=utf8mb4;

--
-- Dumping data for table `store_seo_media`
--

INSERT INTO `store_seo_media` (`store_media_id`, `store_id`, `fb_link`, `instal_link`, `youtube_link`, `twitter_link`, `pinterest_link`, `seo_title`, `seo_description`, `seo_keywords`) VALUES
(1, 1, 'https://www.facebook.com/', 'https://instagram.com/', 'https://www.youtube.com/', 'https://twitter.com/', 'pinterest.com', 'Store', 'Buy Accounting solutions', 'GST software,accounting solution');

-- --------------------------------------------------------

--
-- Table structure for table `users`
--

CREATE TABLE `users` (
  `id` tinyint(3) UNSIGNED DEFAULT NULL,
  `email` varchar(15) DEFAULT NULL,
  `username` varchar(11) DEFAULT NULL,
  `password_hash` varchar(60) DEFAULT NULL,
  `reset_hash` varchar(32) DEFAULT NULL,
  `reset_at` varchar(20) DEFAULT NULL,
  `reset_expires` varchar(19) DEFAULT NULL,
  `activate_hash` varchar(20) DEFAULT NULL,
  `status` varchar(20) DEFAULT NULL,
  `profile_img` varchar(28) DEFAULT NULL,
  `status_message` varchar(20) DEFAULT NULL,
  `active` tinyint(3) UNSIGNED DEFAULT NULL,
  `force_pass_reset` tinyint(3) UNSIGNED DEFAULT NULL,
  `created_at` varchar(19) DEFAULT NULL,
  `updated_at` varchar(19) DEFAULT NULL,
  `deleted_at` varchar(20) DEFAULT NULL
) ENGINE=InnoDB DEFAULT CHARSET=utf8mb4;

--
-- Dumping data for table `users`
--

INSERT INTO `users` (`id`, `email`, `username`, `password_hash`, `reset_hash`, `reset_at`, `reset_expires`, `activate_hash`, `status`, `profile_img`, `status_message`, `active`, `force_pass_reset`, `created_at`, `updated_at`, `deleted_at`) VALUES
(2, 'admin@admin.com', 'Admin', '$2y$10$uYBbrYhJV5/ZqRaM2ONZHeGPOlr6AR8GRi7.rXC8r9Nz5ERIoDARW', '3a446587bdf8112c7e7a264151aa8dd9', '', '2021-07-21 07:06:01', '', '', '01627817592-profile_img.jpeg', '', 1, 0, '2021-07-18 13:11:04', '2021-08-01 06:58:23', ''),
(3, 'user@gmail.com', 'Normal User', '$2y$10$JY37ZSPuvn26YgC8ty1zEOg/MbAVmAev2XKr2ou7CVDN6knoz2j8m', '', '', '', '', '', '', '', 1, 0, '2021-07-30 07:24:13', '2021-07-30 07:24:13', '');

--
-- Indexes for dumped tables
--

--
-- Indexes for table `forecast_dt`
--
ALTER TABLE `forecast_dt`
  ADD PRIMARY KEY (`location_id`,`ean_id`,`dt`);

--
-- Indexes for table `forecast_wk`
--
ALTER TABLE `forecast_wk`
  ADD PRIMARY KEY (`location_id`,`ean_id`,`wkno`,`yr`);

--
-- Indexes for table `item_master_1`
--
ALTER TABLE `item_master_1`
  ADD PRIMARY KEY (`ean_id`);

--
-- Indexes for table `pe_param`
--
ALTER TABLE `pe_param`
  ADD PRIMARY KEY (`ean_id`);

--
-- Indexes for table `store_company`
--
ALTER TABLE `store_company`
  ADD PRIMARY KEY (`company_id`);

--
-- Indexes for table `store_item_register`
--
ALTER TABLE `store_item_register`
  ADD PRIMARY KEY (`item_id`),
  ADD KEY `FK_store_item_register_store_register` (`store_id`);

--
-- Indexes for table `store_register`
--
ALTER TABLE `store_register`
  ADD PRIMARY KEY (`store_id`);

--
-- Constraints for dumped tables
--

--
-- Constraints for table `store_item_register`
--
ALTER TABLE `store_item_register`
  ADD CONSTRAINT `FK_store_item_register_store_register` FOREIGN KEY (`store_id`) REFERENCES `store_register` (`store_id`) ON DELETE NO ACTION ON UPDATE NO ACTION;
COMMIT;

/*!40101 SET CHARACTER_SET_CLIENT=@OLD_CHARACTER_SET_CLIENT */;
/*!40101 SET CHARACTER_SET_RESULTS=@OLD_CHARACTER_SET_RESULTS */;
/*!40101 SET COLLATION_CONNECTION=@OLD_COLLATION_CONNECTION */;
